old;new;obj;subst
broadleaf-3.1.5-GA;broadleaf-3.1.6-GA;class dedal.impl.InterfaceTypeImpl ISessionOrderLockManager;null
broadleaf-3.1.5-GA;broadleaf-3.1.6-GA;class dedal.impl.InterfaceImpl org_broadleafcommerce_core_web_order_SessionOrderLockManager_provISessionOrderLockManager;null
broadleaf-3.1.5-GA;broadleaf-3.1.6-GA;class dedal.impl.InterfaceTypeImpl IOrderLockManager;null
broadleaf-3.1.5-GA;broadleaf-3.1.6-GA;class dedal.impl.InterfaceImpl org_broadleafcommerce_core_web_order_SessionOrderLockManager_provIOrderLockManager;null
broadleaf-3.1.5-GA;broadleaf-3.1.6-GA;class dedal.impl.InterfaceTypeImpl IApplicationListener;null
broadleaf-3.1.5-GA;broadleaf-3.1.6-GA;class dedal.impl.InterfaceImpl org_broadleafcommerce_core_web_order_SessionOrderLockManager_provIApplicationListener;null
broadleaf-3.1.5-GA;broadleaf-3.1.6-GA;class dedal.impl.InterfaceImpl blOrderLockManager_provISessionOrderLockManager_inst;false
broadleaf-3.1.5-GA;broadleaf-3.1.6-GA;class dedal.impl.InterfaceImpl blOrderLockManager_provIOrderLockManager_inst;false
broadleaf-3.1.5-GA;broadleaf-3.1.6-GA;class dedal.impl.InterfaceImpl blOrderLockManager_provIApplicationListener_inst;false
broadleaf-3.1.5-GA;broadleaf-3.1.6-GA;class dedal.impl.CompClassImpl "org.broadleafcommerce.core.web.order.SessionOrderLockManager";null
broadleaf-3.1.5-GA;broadleaf-3.1.6-GA;class dedal.impl.CompInstanceImpl "blOrderLockManager";false
broadleaf-3.1.5-GA;broadleaf-3.1.6-GA;class dedal.impl.SignatureImpl getSingletonInstance;null
broadleaf-3.1.5-GA;broadleaf-3.1.6-GA;class dedal.impl.SignatureImpl getBeanTypeConverter;null
broadleaf-3.1.5-GA;broadleaf-3.1.6-GA;class dedal.impl.SignatureImpl destroyInstance;null
broadleaf-3.1.5-GA;broadleaf-3.1.6-GA;class dedal.impl.SignatureImpl getSingletonInstance;null
broadleaf-3.1.5-GA;broadleaf-3.1.6-GA;class dedal.impl.SignatureImpl getBeanTypeConverter;null
broadleaf-3.1.5-GA;broadleaf-3.1.6-GA;class dedal.impl.SignatureImpl destroyInstance;null
broadleaf-3.1.5-GA;broadleaf-3.1.6-GA;class dedal.impl.SignatureImpl setSourceMap;null
broadleaf-3.1.5-GA;broadleaf-3.1.6-GA;class dedal.impl.SignatureImpl getJpaPropertyMap;null
broadleaf-3.1.5-GA;broadleaf-3.1.6-GA;class dedal.impl.SignatureImpl getEntityManagerFactory;null
broadleaf-3.1.5-GA;broadleaf-3.1.6-GA;class dedal.impl.SignatureImpl setEntityManagerFactory;null
broadleaf-3.1.5-GA;broadleaf-3.1.6-GA;class dedal.impl.SignatureImpl getPersistenceUnitName;null
broadleaf-3.1.5-GA;broadleaf-3.1.6-GA;class dedal.impl.SignatureImpl setJpaProperties;null
broadleaf-3.1.5-GA;broadleaf-3.1.6-GA;class dedal.impl.SignatureImpl getCriteriaBuilder;null
broadleaf-3.1.5-GA;broadleaf-3.1.6-GA;class dedal.impl.SignatureImpl getPersistenceUnitUtil;null
broadleaf-3.1.5-GA;broadleaf-3.1.6-GA;class dedal.impl.SignatureImpl getMappingFileNames;null
broadleaf-3.1.5-GA;broadleaf-3.1.6-GA;class dedal.impl.SignatureImpl getJarFileUrls;null
broadleaf-3.1.5-GA;broadleaf-3.1.6-GA;class dedal.impl.SignatureImpl getPersistenceProviderClassName;null
broadleaf-3.1.5-GA;broadleaf-3.1.6-GA;class dedal.impl.SignatureImpl getValidationMode;null
broadleaf-3.1.5-GA;broadleaf-3.1.6-GA;class dedal.impl.SignatureImpl excludeUnlistedClasses;null
broadleaf-3.1.5-GA;broadleaf-3.1.6-GA;class dedal.impl.SignatureImpl getTransactionType;null
broadleaf-3.1.5-GA;broadleaf-3.1.6-GA;class dedal.impl.SignatureImpl resolveArguments;null
broadleaf-3.1.5-GA;broadleaf-3.1.6-GA;class dedal.impl.SignatureImpl getCommonMessages;null
broadleaf-3.1.5-GA;broadleaf-3.1.6-GA;class dedal.impl.SignatureImpl getMessageFromParent;null
broadleaf-3.1.5-GA;broadleaf-3.1.6-GA;class dedal.impl.SignatureImpl resolveCode;null
broadleaf-3.1.5-GA;broadleaf-3.1.6-GA;class dedal.impl.SignatureImpl setUseCodeAsDefaultMessage;null
broadleaf-3.1.5-GA;broadleaf-3.1.6-GA;class dedal.impl.SignatureImpl clearCacheIncludingAncestors;null
broadleaf-3.1.5-GA;broadleaf-3.1.6-GA;class dedal.impl.SignatureImpl setFileEncodings;null
broadleaf-3.1.5-GA;broadleaf-3.1.6-GA;class dedal.impl.SignatureImpl calculateAllFilenames;null
broadleaf-3.1.5-GA;broadleaf-3.1.6-GA;class dedal.impl.SignatureImpl setFallbackToSystemLocale;null
broadleaf-3.1.5-GA;broadleaf-3.1.6-GA;class dedal.impl.SignatureImpl refreshProperties;null
broadleaf-3.1.5-GA;broadleaf-3.1.6-GA;class dedal.impl.SignatureImpl setBasename;null
broadleaf-3.1.5-GA;broadleaf-3.1.6-GA;class dedal.impl.SignatureImpl getMergedProperties;null
broadleaf-3.1.5-GA;broadleaf-3.1.6-GA;class dedal.impl.SignatureImpl resolveArguments;null
broadleaf-3.1.5-GA;broadleaf-3.1.6-GA;class dedal.impl.SignatureImpl getCommonMessages;null
broadleaf-3.1.5-GA;broadleaf-3.1.6-GA;class dedal.impl.SignatureImpl getMessageFromParent;null
broadleaf-3.1.5-GA;broadleaf-3.1.6-GA;class dedal.impl.SignatureImpl resolveCode;null
broadleaf-3.1.5-GA;broadleaf-3.1.6-GA;class dedal.impl.SignatureImpl setUseCodeAsDefaultMessage;null
broadleaf-3.1.5-GA;broadleaf-3.1.6-GA;class dedal.impl.SignatureImpl clearCacheIncludingAncestors;null
broadleaf-3.1.5-GA;broadleaf-3.1.6-GA;class dedal.impl.SignatureImpl setFileEncodings;null
broadleaf-3.1.5-GA;broadleaf-3.1.6-GA;class dedal.impl.SignatureImpl calculateAllFilenames;null
broadleaf-3.1.5-GA;broadleaf-3.1.6-GA;class dedal.impl.SignatureImpl setFallbackToSystemLocale;null
broadleaf-3.1.5-GA;broadleaf-3.1.6-GA;class dedal.impl.SignatureImpl refreshProperties;null
broadleaf-3.1.5-GA;broadleaf-3.1.6-GA;class dedal.impl.SignatureImpl setBasename;null
broadleaf-3.1.5-GA;broadleaf-3.1.6-GA;class dedal.impl.SignatureImpl getMergedProperties;null
broadleaf-3.1.5-GA;broadleaf-3.1.6-GA;class dedal.impl.SignatureImpl getSingletonInstance;null
broadleaf-3.1.5-GA;broadleaf-3.1.6-GA;class dedal.impl.SignatureImpl getBeanTypeConverter;null
broadleaf-3.1.5-GA;broadleaf-3.1.6-GA;class dedal.impl.SignatureImpl destroyInstance;null
broadleaf-3.1.5-GA;broadleaf-3.1.6-GA;class dedal.impl.SignatureImpl prepareFileUpload;null
broadleaf-3.1.5-GA;broadleaf-3.1.6-GA;class dedal.impl.SignatureImpl parseFileItems;null
broadleaf-3.1.5-GA;broadleaf-3.1.6-GA;class dedal.impl.SignatureImpl cleanupFileItems;null
broadleaf-3.1.5-GA;broadleaf-3.1.6-GA;class dedal.impl.SignatureImpl newFileUpload;null
broadleaf-3.1.5-GA;broadleaf-3.1.6-GA;class dedal.impl.SignatureImpl isUploadTempDirSpecified;null
broadleaf-3.1.5-GA;broadleaf-3.1.6-GA;class dedal.impl.SignatureImpl setMaxInMemorySize;null
broadleaf-3.1.5-GA;broadleaf-3.1.6-GA;class dedal.impl.SignatureImpl cleanupMultipart;null
broadleaf-3.1.5-GA;broadleaf-3.1.6-GA;class dedal.impl.SignatureImpl getMappingForMethod;null
broadleaf-3.1.5-GA;broadleaf-3.1.6-GA;class dedal.impl.SignatureImpl setDetectHandlerMethodsInAncestorContexts;null
broadleaf-3.1.5-GA;broadleaf-3.1.6-GA;class dedal.impl.SignatureImpl createHandlerMethod;null
broadleaf-3.1.5-GA;broadleaf-3.1.6-GA;class dedal.impl.SignatureImpl getHandlerMethods;null
broadleaf-3.1.5-GA;broadleaf-3.1.6-GA;class dedal.impl.SignatureImpl getMappingPathPatterns;null
broadleaf-3.1.5-GA;broadleaf-3.1.6-GA;class dedal.impl.SignatureImpl getMappingComparator;null
broadleaf-3.1.5-GA;broadleaf-3.1.6-GA;class dedal.impl.SignatureImpl registerHandlerMethod;null
broadleaf-3.1.5-GA;broadleaf-3.1.6-GA;class dedal.impl.SignatureImpl handlerMethodsInitialized;null
broadleaf-3.1.5-GA;broadleaf-3.1.6-GA;class dedal.impl.SignatureImpl lookupHandlerMethod;null
broadleaf-3.1.5-GA;broadleaf-3.1.6-GA;class dedal.impl.SignatureImpl isMatrixVariableContentAvailable;null
broadleaf-3.1.5-GA;broadleaf-3.1.6-GA;class dedal.impl.SignatureImpl extractMatrixVariables;null
broadleaf-3.1.5-GA;broadleaf-3.1.6-GA;class dedal.impl.SignatureImpl getContentNegotiationManager;null
broadleaf-3.1.5-GA;broadleaf-3.1.6-GA;class dedal.impl.SignatureImpl resolveEmbeddedValuesInPatterns;null
broadleaf-3.1.5-GA;broadleaf-3.1.6-GA;class dedal.impl.SignatureImpl getCustomMethodCondition;null
broadleaf-3.1.5-GA;broadleaf-3.1.6-GA;class dedal.impl.SignatureImpl createRequestMappingInfo;null
broadleaf-3.1.5-GA;broadleaf-3.1.6-GA;class dedal.impl.SignatureImpl useTrailingSlashMatch;null
broadleaf-3.1.5-GA;broadleaf-3.1.6-GA;class dedal.impl.SignatureImpl setUseRegisteredSuffixPatternMatch;null
broadleaf-3.1.5-GA;broadleaf-3.1.6-GA;class dedal.impl.SignatureImpl setUseSuffixPatternMatch;null
broadleaf-3.1.5-GA;broadleaf-3.1.6-GA;class dedal.impl.SignatureImpl getSingletonInstance;null
broadleaf-3.1.5-GA;broadleaf-3.1.6-GA;class dedal.impl.SignatureImpl getBeanTypeConverter;null
broadleaf-3.1.5-GA;broadleaf-3.1.6-GA;class dedal.impl.SignatureImpl destroyInstance;null
broadleaf-3.1.5-GA;broadleaf-3.1.6-GA;class dedal.impl.SignatureImpl setTargetSetClass;null
broadleaf-3.1.5-GA;broadleaf-3.1.6-GA;class dedal.impl.SignatureImpl getExecutionAttributes;null
broadleaf-3.1.5-GA;broadleaf-3.1.6-GA;class dedal.impl.SignatureImpl getDocTypeTranslations;null
broadleaf-3.1.5-GA;broadleaf-3.1.6-GA;class dedal.impl.SignatureImpl getExecutionAttributes;null
broadleaf-3.1.5-GA;broadleaf-3.1.6-GA;class dedal.impl.SignatureImpl getDocTypeTranslations;null
broadleaf-3.1.5-GA;broadleaf-3.1.6-GA;class dedal.impl.ParameterImpl arg1;false
broadleaf-3.1.5-GA;broadleaf-3.1.6-GA;class dedal.impl.SignatureImpl setTemplateModeHandlers;null
broadleaf-3.1.5-GA;broadleaf-3.1.6-GA;class dedal.impl.SignatureImpl setTemplateResolvers;null
broadleaf-3.1.5-GA;broadleaf-3.1.6-GA;class dedal.impl.SignatureImpl initializeSpecific;null
broadleaf-3.1.5-GA;broadleaf-3.1.6-GA;class dedal.impl.SignatureImpl addDialect;false
broadleaf-3.1.5-GA;broadleaf-3.1.6-GA;class dedal.impl.SignatureImpl setCacheManager;null
broadleaf-3.1.5-GA;broadleaf-3.1.6-GA;class dedal.impl.SignatureImpl setMessageResolver;null
broadleaf-3.1.5-GA;broadleaf-3.1.6-GA;class dedal.impl.SignatureImpl setDialectsByPrefix;null
broadleaf-3.1.5-GA;broadleaf-3.1.6-GA;class dedal.impl.SignatureImpl addTemplateResolver;null
broadleaf-3.1.5-GA;broadleaf-3.1.6-GA;class dedal.impl.SignatureImpl addTemplateModeHandler;null
broadleaf-3.1.5-GA;broadleaf-3.1.6-GA;class dedal.impl.SignatureImpl setDialect;null
broadleaf-3.1.5-GA;broadleaf-3.1.6-GA;class dedal.impl.SignatureImpl setTemplateResolver;null
broadleaf-3.1.5-GA;broadleaf-3.1.6-GA;class dedal.impl.SignatureImpl getDialectsByPrefix;null
broadleaf-3.1.5-GA;broadleaf-3.1.6-GA;class dedal.impl.SignatureImpl getMessageResolvers;null
broadleaf-3.1.5-GA;broadleaf-3.1.6-GA;class dedal.impl.SignatureImpl getDialects;null
broadleaf-3.1.5-GA;broadleaf-3.1.6-GA;class dedal.impl.SignatureImpl getTemplateResolvers;null
broadleaf-3.1.5-GA;broadleaf-3.1.6-GA;class dedal.impl.SignatureImpl getTemplateModeHandlers;null
broadleaf-3.1.5-GA;broadleaf-3.1.6-GA;class dedal.impl.SignatureImpl setMessageResolvers;null
broadleaf-3.1.5-GA;broadleaf-3.1.6-GA;class dedal.impl.SignatureImpl getTemplateRepository;null
broadleaf-3.1.5-GA;broadleaf-3.1.6-GA;class dedal.impl.SignatureImpl initializeSpringSpecific;null
broadleaf-3.1.5-GA;broadleaf-3.1.6-GA;class dedal.impl.SignatureImpl getMessageSource;null
broadleaf-3.1.5-GA;broadleaf-3.1.6-GA;class dedal.impl.SignatureImpl getEntityManagerInterface;null
broadleaf-3.1.5-GA;broadleaf-3.1.6-GA;class dedal.impl.SignatureImpl getNativeEntityManagerFactory;null
broadleaf-3.1.5-GA;broadleaf-3.1.6-GA;class dedal.impl.SignatureImpl getDataSource;null
broadleaf-3.1.5-GA;broadleaf-3.1.6-GA;class dedal.impl.SignatureImpl createNativeEntityManagerFactory;null
broadleaf-3.1.5-GA;broadleaf-3.1.6-GA;class dedal.impl.SignatureImpl getJpaPropertyMap;null
broadleaf-3.1.5-GA;broadleaf-3.1.6-GA;class dedal.impl.SignatureImpl setPersistenceUnitName;null
broadleaf-3.1.5-GA;broadleaf-3.1.6-GA;class dedal.impl.SignatureImpl setJpaProperties;null
broadleaf-3.1.5-GA;broadleaf-3.1.6-GA;class dedal.impl.SignatureImpl createEntityManagerFactoryProxy;null
broadleaf-3.1.5-GA;broadleaf-3.1.6-GA;class dedal.impl.SignatureImpl setEntityManagerInterface;null
broadleaf-3.1.5-GA;broadleaf-3.1.6-GA;class dedal.impl.SignatureImpl setPersistenceProvider;null
broadleaf-3.1.5-GA;broadleaf-3.1.6-GA;class dedal.impl.SignatureImpl setMappingResources;null
broadleaf-3.1.5-GA;broadleaf-3.1.6-GA;class dedal.impl.SignatureImpl setPersistenceUnitManager;null
broadleaf-3.1.5-GA;broadleaf-3.1.6-GA;class dedal.impl.SignatureImpl setDataSource;null
broadleaf-3.1.5-GA;broadleaf-3.1.6-GA;class dedal.impl.SignatureImpl getJpaPropertyMap;null
broadleaf-3.1.5-GA;broadleaf-3.1.6-GA;class dedal.impl.SignatureImpl postProcessEntityManagerFactory;null
broadleaf-3.1.5-GA;broadleaf-3.1.6-GA;class dedal.impl.SignatureImpl getEntityManagerFactoryInterface;null
broadleaf-3.1.5-GA;broadleaf-3.1.6-GA;class dedal.impl.SignatureImpl setNestedTransactionAllowed;null
broadleaf-3.1.5-GA;broadleaf-3.1.6-GA;class dedal.impl.SignatureImpl doBegin;null
broadleaf-3.1.5-GA;broadleaf-3.1.6-GA;class dedal.impl.SignatureImpl processCommit;null
broadleaf-3.1.5-GA;broadleaf-3.1.6-GA;class dedal.impl.SignatureImpl invokeAfterCompletion;null
broadleaf-3.1.5-GA;broadleaf-3.1.6-GA;class dedal.impl.SignatureImpl doCleanupAfterCompletion;null
broadleaf-3.1.5-GA;broadleaf-3.1.6-GA;class dedal.impl.SignatureImpl setFailEarlyOnGlobalRollbackOnly;null
broadleaf-3.1.5-GA;broadleaf-3.1.6-GA;class dedal.impl.SignatureImpl setValidateExistingTransaction;null
broadleaf-3.1.5-GA;broadleaf-3.1.6-GA;class dedal.impl.SignatureImpl isFailEarlyOnGlobalRollbackOnly;null
broadleaf-3.1.5-GA;broadleaf-3.1.6-GA;class dedal.impl.SignatureImpl cleanupAfterCompletion;null
broadleaf-3.1.5-GA;broadleaf-3.1.6-GA;class dedal.impl.SignatureImpl shouldCommitOnGlobalRollbackOnly;null
broadleaf-3.1.5-GA;broadleaf-3.1.6-GA;class dedal.impl.SignatureImpl newTransactionStatus;null
broadleaf-3.1.5-GA;broadleaf-3.1.6-GA;class dedal.impl.SignatureImpl triggerBeforeCommit;null
broadleaf-3.1.5-GA;broadleaf-3.1.6-GA;class dedal.impl.SignatureImpl setDefaultTimeout;null
broadleaf-3.1.5-GA;broadleaf-3.1.6-GA;class dedal.impl.SignatureImpl processRollback;null
broadleaf-3.1.5-GA;broadleaf-3.1.6-GA;class dedal.impl.SignatureImpl registerAfterCompletionWithExistingTransaction;null
broadleaf-3.1.5-GA;broadleaf-3.1.6-GA;class dedal.impl.SignatureImpl doSetRollbackOnly;null
broadleaf-3.1.5-GA;broadleaf-3.1.6-GA;class dedal.impl.SignatureImpl getDefaultTimeout;null
broadleaf-3.1.5-GA;broadleaf-3.1.6-GA;class dedal.impl.SignatureImpl doRollbackOnCommitException;null
broadleaf-3.1.5-GA;broadleaf-3.1.6-GA;class dedal.impl.SignatureImpl triggerAfterCompletion;null
broadleaf-3.1.5-GA;broadleaf-3.1.6-GA;class dedal.impl.SignatureImpl handleExistingTransaction;null
broadleaf-3.1.5-GA;broadleaf-3.1.6-GA;class dedal.impl.SignatureImpl isValidateExistingTransaction;null
broadleaf-3.1.5-GA;broadleaf-3.1.6-GA;class dedal.impl.SignatureImpl doResume;null
broadleaf-3.1.5-GA;broadleaf-3.1.6-GA;class dedal.impl.SignatureImpl determineTimeout;null
broadleaf-3.1.5-GA;broadleaf-3.1.6-GA;class dedal.impl.SignatureImpl doCommit;null
broadleaf-3.1.5-GA;broadleaf-3.1.6-GA;class dedal.impl.SignatureImpl setRollbackOnCommitFailure;null
broadleaf-3.1.5-GA;broadleaf-3.1.6-GA;class dedal.impl.SignatureImpl doSuspend;null
broadleaf-3.1.5-GA;broadleaf-3.1.6-GA;class dedal.impl.SignatureImpl prepareSynchronization;null
broadleaf-3.1.5-GA;broadleaf-3.1.6-GA;class dedal.impl.SignatureImpl resumeAfterBeginException;null
broadleaf-3.1.5-GA;broadleaf-3.1.6-GA;class dedal.impl.SignatureImpl prepareTransactionStatus;null
broadleaf-3.1.5-GA;broadleaf-3.1.6-GA;class dedal.impl.SignatureImpl setTransactionSynchronizationName;null
broadleaf-3.1.5-GA;broadleaf-3.1.6-GA;class dedal.impl.SignatureImpl isNestedTransactionAllowed;null
broadleaf-3.1.5-GA;broadleaf-3.1.6-GA;class dedal.impl.SignatureImpl useSavepointForNestedTransaction;null
broadleaf-3.1.5-GA;broadleaf-3.1.6-GA;class dedal.impl.SignatureImpl doSuspendSynchronization;null
broadleaf-3.1.5-GA;broadleaf-3.1.6-GA;class dedal.impl.SignatureImpl triggerBeforeCompletion;null
broadleaf-3.1.5-GA;broadleaf-3.1.6-GA;class dedal.impl.SignatureImpl getJpaPropertyMap;null
broadleaf-3.1.5-GA;broadleaf-3.1.6-GA;class dedal.impl.SignatureImpl getEntityManagerFactory;null
broadleaf-3.1.5-GA;broadleaf-3.1.6-GA;class dedal.impl.SignatureImpl setEntityManagerFactory;null
broadleaf-3.1.5-GA;broadleaf-3.1.6-GA;class dedal.impl.SignatureImpl createEntityManagerForTransaction;null
broadleaf-3.1.5-GA;broadleaf-3.1.6-GA;class dedal.impl.SignatureImpl setJpaDialect;null
broadleaf-3.1.5-GA;broadleaf-3.1.6-GA;class dedal.impl.SignatureImpl setJpaProperties;null
broadleaf-3.1.5-GA;broadleaf-3.1.6-GA;class dedal.impl.SignatureImpl closeEntityManagerAfterFailedBegin;null
broadleaf-3.1.5-GA;broadleaf-3.1.6-GA;class dedal.impl.SignatureImpl getJpaDialect;null
broadleaf-3.1.5-GA;broadleaf-3.1.6-GA;class dedal.impl.SignatureImpl getDataSource;null
broadleaf-3.1.5-GA;broadleaf-3.1.6-GA;class dedal.impl.SignatureImpl setJpaPropertyMap;null
broadleaf-3.1.5-GA;broadleaf-3.1.6-GA;class dedal.impl.ParameterImpl arg1;false
broadleaf-3.1.5-GA;broadleaf-3.1.6-GA;class dedal.impl.SignatureImpl onUnregister;null
broadleaf-3.1.5-GA;broadleaf-3.1.6-GA;class dedal.impl.SignatureImpl setRegistrationPolicy;null
broadleaf-3.1.5-GA;broadleaf-3.1.6-GA;class dedal.impl.SignatureImpl getServer;null
broadleaf-3.1.5-GA;broadleaf-3.1.6-GA;class dedal.impl.SignatureImpl doUnregister;null
broadleaf-3.1.5-GA;broadleaf-3.1.6-GA;class dedal.impl.SignatureImpl setRegistrationBehaviorName;null
broadleaf-3.1.5-GA;broadleaf-3.1.6-GA;class dedal.impl.SignatureImpl doRegister;null
broadleaf-3.1.5-GA;broadleaf-3.1.6-GA;class dedal.impl.SignatureImpl registerBeanNameOrInstance;null
broadleaf-3.1.5-GA;broadleaf-3.1.6-GA;class dedal.impl.SignatureImpl setAssembler;null
broadleaf-3.1.5-GA;broadleaf-3.1.6-GA;class dedal.impl.SignatureImpl setAllowEagerInit;null
broadleaf-3.1.5-GA;broadleaf-3.1.6-GA;class dedal.impl.SignatureImpl registerLazyInit;null
broadleaf-3.1.5-GA;broadleaf-3.1.6-GA;class dedal.impl.SignatureImpl adaptMBeanIfPossible;null
broadleaf-3.1.5-GA;broadleaf-3.1.6-GA;class dedal.impl.SignatureImpl setNotificationListenerMappings;null
broadleaf-3.1.5-GA;broadleaf-3.1.6-GA;class dedal.impl.SignatureImpl autodetectMBeans;null
broadleaf-3.1.5-GA;broadleaf-3.1.6-GA;class dedal.impl.SignatureImpl setAutodetectMode;null
broadleaf-3.1.5-GA;broadleaf-3.1.6-GA;class dedal.impl.SignatureImpl setEnsureUniqueRuntimeObjectNames;null
broadleaf-3.1.5-GA;broadleaf-3.1.6-GA;class dedal.impl.SignatureImpl setListeners;null
broadleaf-3.1.5-GA;broadleaf-3.1.6-GA;class dedal.impl.SignatureImpl setBeans;null
broadleaf-3.1.5-GA;broadleaf-3.1.6-GA;class dedal.impl.SignatureImpl autodetectBeans;null
broadleaf-3.1.5-GA;broadleaf-3.1.6-GA;class dedal.impl.SignatureImpl isExcluded;null
broadleaf-3.1.5-GA;broadleaf-3.1.6-GA;class dedal.impl.SignatureImpl replaceNotificationListenerBeanNameKeysIfNecessary;null
broadleaf-3.1.5-GA;broadleaf-3.1.6-GA;class dedal.impl.SignatureImpl registerBeans;null
broadleaf-3.1.5-GA;broadleaf-3.1.6-GA;class dedal.impl.SignatureImpl setNotificationListeners;null
broadleaf-3.1.5-GA;broadleaf-3.1.6-GA;class dedal.impl.SignatureImpl setNamingStrategy;null
broadleaf-3.1.5-GA;broadleaf-3.1.6-GA;class dedal.impl.SignatureImpl autodetect;null
broadleaf-3.1.5-GA;broadleaf-3.1.6-GA;class dedal.impl.SignatureImpl isBeanDefinitionAbstract;null
broadleaf-3.1.5-GA;broadleaf-3.1.6-GA;class dedal.impl.SignatureImpl notifyListenersOfRegistration;null
broadleaf-3.1.5-GA;broadleaf-3.1.6-GA;class dedal.impl.SignatureImpl createModelMBean;null
broadleaf-3.1.5-GA;broadleaf-3.1.6-GA;class dedal.impl.SignatureImpl setExcludedBeans;null
broadleaf-3.1.5-GA;broadleaf-3.1.6-GA;class dedal.impl.SignatureImpl unregisterNotificationListeners;null
broadleaf-3.1.5-GA;broadleaf-3.1.6-GA;class dedal.impl.SignatureImpl getNaturalIdCachePutCount;null
broadleaf-3.1.5-GA;broadleaf-3.1.6-GA;class dedal.impl.SignatureImpl getNaturalIdQueryExecutionCount;null
broadleaf-3.1.5-GA;broadleaf-3.1.6-GA;class dedal.impl.SignatureImpl getFlushCount;null
broadleaf-3.1.5-GA;broadleaf-3.1.6-GA;class dedal.impl.SignatureImpl getQueryCachePutCount;null
broadleaf-3.1.5-GA;broadleaf-3.1.6-GA;class dedal.impl.SignatureImpl getUpdateTimestampsCacheHitCount;null
broadleaf-3.1.5-GA;broadleaf-3.1.6-GA;class dedal.impl.SignatureImpl getQueryStatistics;null
broadleaf-3.1.5-GA;broadleaf-3.1.6-GA;class dedal.impl.SignatureImpl getCollectionFetchCount;null
broadleaf-3.1.5-GA;broadleaf-3.1.6-GA;class dedal.impl.SignatureImpl getCollectionUpdateCount;null
broadleaf-3.1.5-GA;broadleaf-3.1.6-GA;class dedal.impl.SignatureImpl getQueryCacheHitCount;null
broadleaf-3.1.5-GA;broadleaf-3.1.6-GA;class dedal.impl.SignatureImpl getEntityInsertCount;null
broadleaf-3.1.5-GA;broadleaf-3.1.6-GA;class dedal.impl.SignatureImpl getSecondLevelCacheStatistics;null
broadleaf-3.1.5-GA;broadleaf-3.1.6-GA;class dedal.impl.SignatureImpl getCollectionStatistics;null
broadleaf-3.1.5-GA;broadleaf-3.1.6-GA;class dedal.impl.SignatureImpl getNaturalIdCacheHitCount;null
broadleaf-3.1.5-GA;broadleaf-3.1.6-GA;class dedal.impl.SignatureImpl getNaturalIdCacheMissCount;null
broadleaf-3.1.5-GA;broadleaf-3.1.6-GA;class dedal.impl.SignatureImpl getQueries;null
broadleaf-3.1.5-GA;broadleaf-3.1.6-GA;class dedal.impl.SignatureImpl getUpdateTimestampsCacheMissCount;null
broadleaf-3.1.5-GA;broadleaf-3.1.6-GA;class dedal.impl.SignatureImpl getUpdateTimestampsCachePutCount;null
broadleaf-3.1.5-GA;broadleaf-3.1.6-GA;class dedal.impl.SignatureImpl getEntityUpdateCount;null
broadleaf-3.1.5-GA;broadleaf-3.1.6-GA;class dedal.impl.SignatureImpl getEntityNames;null
broadleaf-3.1.5-GA;broadleaf-3.1.6-GA;class dedal.impl.SignatureImpl getOptimisticFailureCount;null
broadleaf-3.1.5-GA;broadleaf-3.1.6-GA;class dedal.impl.SignatureImpl getEntityStatistics;null
broadleaf-3.1.5-GA;broadleaf-3.1.6-GA;class dedal.impl.SignatureImpl getEntityLoadCount;null
broadleaf-3.1.5-GA;broadleaf-3.1.6-GA;class dedal.impl.SignatureImpl getQueryExecutionMaxTime;null
broadleaf-3.1.5-GA;broadleaf-3.1.6-GA;class dedal.impl.SignatureImpl getQueryCacheMissCount;null
broadleaf-3.1.5-GA;broadleaf-3.1.6-GA;class dedal.impl.SignatureImpl getEntityDeleteCount;null
broadleaf-3.1.5-GA;broadleaf-3.1.6-GA;class dedal.impl.SignatureImpl isStatisticsEnabled;null
broadleaf-3.1.5-GA;broadleaf-3.1.6-GA;class dedal.impl.SignatureImpl getQueryExecutionCount;null
broadleaf-3.1.5-GA;broadleaf-3.1.6-GA;class dedal.impl.SignatureImpl getSuccessfulTransactionCount;null
broadleaf-3.1.5-GA;broadleaf-3.1.6-GA;class dedal.impl.SignatureImpl getTransactionCount;null
broadleaf-3.1.5-GA;broadleaf-3.1.6-GA;class dedal.impl.SignatureImpl getQueryExecutionMaxTimeQueryString;null
broadleaf-3.1.5-GA;broadleaf-3.1.6-GA;class dedal.impl.SignatureImpl setStatisticsEnabled;null
broadleaf-3.1.5-GA;broadleaf-3.1.6-GA;class dedal.impl.SignatureImpl getEntityFetchCount;null
broadleaf-3.1.5-GA;broadleaf-3.1.6-GA;class dedal.impl.SignatureImpl getSecondLevelCacheHitCount;null
broadleaf-3.1.5-GA;broadleaf-3.1.6-GA;class dedal.impl.SignatureImpl getSecondLevelCacheMissCount;null
broadleaf-3.1.5-GA;broadleaf-3.1.6-GA;class dedal.impl.SignatureImpl getCloseStatementCount;null
broadleaf-3.1.5-GA;broadleaf-3.1.6-GA;class dedal.impl.SignatureImpl getPrepareStatementCount;null
broadleaf-3.1.5-GA;broadleaf-3.1.6-GA;class dedal.impl.SignatureImpl getJndiEnvironment;null
broadleaf-3.1.5-GA;broadleaf-3.1.6-GA;class dedal.impl.SignatureImpl setJndiEnvironment;null
broadleaf-3.1.5-GA;broadleaf-3.1.6-GA;class dedal.impl.SignatureImpl setJndiName;null
broadleaf-3.1.5-GA;broadleaf-3.1.6-GA;class dedal.impl.SignatureImpl setProxyInterfaces;null
broadleaf-3.1.5-GA;broadleaf-3.1.6-GA;class dedal.impl.SignatureImpl setLookupOnStartup;null
broadleaf-3.1.5-GA;broadleaf-3.1.6-GA;class dedal.impl.SignatureImpl lookupWithFallback;null
broadleaf-3.1.5-GA;broadleaf-3.1.6-GA;class dedal.impl.SignatureImpl setDefaultObject;null
broadleaf-3.1.5-GA;broadleaf-3.1.6-GA;class dedal.impl.SignatureImpl createConversionService;null
broadleaf-3.1.5-GA;broadleaf-3.1.6-GA;class dedal.impl.SignatureImpl getExecutionAttributes;null
broadleaf-3.1.5-GA;broadleaf-3.1.6-GA;class dedal.impl.SignatureImpl getDocTypeTranslations;null
broadleaf-3.1.5-GA;broadleaf-3.1.6-GA;class dedal.impl.SignatureImpl getExecutionAttributes;null
broadleaf-3.1.5-GA;broadleaf-3.1.6-GA;class dedal.impl.SignatureImpl getDocTypeTranslations;null
broadleaf-3.1.5-GA;broadleaf-3.1.6-GA;class dedal.impl.SignatureImpl getConversionService;null
broadleaf-3.1.5-GA;broadleaf-3.1.6-GA;class dedal.impl.SignatureImpl setAdditionalProcessors;null
broadleaf-3.1.5-GA;broadleaf-3.1.6-GA;class dedal.impl.SignatureImpl getExpressionParser;null
broadleaf-3.1.5-GA;broadleaf-3.1.6-GA;class dedal.impl.SignatureImpl getAdditionalDocTypeTranslations;null
broadleaf-3.1.5-GA;broadleaf-3.1.6-GA;class dedal.impl.SignatureImpl setConversionService;null
broadleaf-3.1.5-GA;broadleaf-3.1.6-GA;class dedal.impl.SignatureImpl getAdditionalProcessors;null
broadleaf-3.1.5-GA;broadleaf-3.1.6-GA;class dedal.impl.SignatureImpl setLogAbandoned;null
broadleaf-3.1.5-GA;broadleaf-3.1.6-GA;class dedal.impl.SignatureImpl getTimeBetweenEvictionRunsMillis;null
broadleaf-3.1.5-GA;broadleaf-3.1.6-GA;class dedal.impl.SignatureImpl setMinEvictableIdleTimeMillis;null
broadleaf-3.1.5-GA;broadleaf-3.1.6-GA;class dedal.impl.SignatureImpl getDefaultReadOnly;null
broadleaf-3.1.5-GA;broadleaf-3.1.6-GA;class dedal.impl.SignatureImpl setDefaultReadOnly;null
broadleaf-3.1.5-GA;broadleaf-3.1.6-GA;class dedal.impl.SignatureImpl setPoolPreparedStatements;null
broadleaf-3.1.5-GA;broadleaf-3.1.6-GA;class dedal.impl.SignatureImpl setTestWhileIdle;null
broadleaf-3.1.5-GA;broadleaf-3.1.6-GA;class dedal.impl.SignatureImpl setNumTestsPerEvictionRun;null
broadleaf-3.1.5-GA;broadleaf-3.1.6-GA;class dedal.impl.SignatureImpl getMaxWait;null
broadleaf-3.1.5-GA;broadleaf-3.1.6-GA;class dedal.impl.SignatureImpl setTestOnBorrow;null
broadleaf-3.1.5-GA;broadleaf-3.1.6-GA;class dedal.impl.SignatureImpl setMinIdle;null
broadleaf-3.1.5-GA;broadleaf-3.1.6-GA;class dedal.impl.SignatureImpl getValidationQuery;null
broadleaf-3.1.5-GA;broadleaf-3.1.6-GA;class dedal.impl.SignatureImpl setDriverClassName;null
broadleaf-3.1.5-GA;broadleaf-3.1.6-GA;class dedal.impl.SignatureImpl getNumTestsPerEvictionRun;null
broadleaf-3.1.5-GA;broadleaf-3.1.6-GA;class dedal.impl.SignatureImpl getMaxIdle;null
broadleaf-3.1.5-GA;broadleaf-3.1.6-GA;class dedal.impl.SignatureImpl restart;null
broadleaf-3.1.5-GA;broadleaf-3.1.6-GA;class dedal.impl.SignatureImpl addConnectionProperty;null
broadleaf-3.1.5-GA;broadleaf-3.1.6-GA;class dedal.impl.SignatureImpl isPoolPreparedStatements;null
broadleaf-3.1.5-GA;broadleaf-3.1.6-GA;class dedal.impl.SignatureImpl setDefaultCatalog;null
broadleaf-3.1.5-GA;broadleaf-3.1.6-GA;class dedal.impl.SignatureImpl setMaxActive;null
broadleaf-3.1.5-GA;broadleaf-3.1.6-GA;class dedal.impl.SignatureImpl getRemoveAbandoned;null
broadleaf-3.1.5-GA;broadleaf-3.1.6-GA;class dedal.impl.SignatureImpl setRemoveAbandoned;null
broadleaf-3.1.5-GA;broadleaf-3.1.6-GA;class dedal.impl.SignatureImpl setInitialSize;null
broadleaf-3.1.5-GA;broadleaf-3.1.6-GA;class dedal.impl.SignatureImpl getTestOnBorrow;null
broadleaf-3.1.5-GA;broadleaf-3.1.6-GA;class dedal.impl.SignatureImpl setMaxWait;null
broadleaf-3.1.5-GA;broadleaf-3.1.6-GA;class dedal.impl.SignatureImpl getDefaultAutoCommit;null
broadleaf-3.1.5-GA;broadleaf-3.1.6-GA;class dedal.impl.SignatureImpl getDefaultTransactionIsolation;null
broadleaf-3.1.5-GA;broadleaf-3.1.6-GA;class dedal.impl.SignatureImpl getTestOnReturn;null
broadleaf-3.1.5-GA;broadleaf-3.1.6-GA;class dedal.impl.SignatureImpl getMaxOpenPreparedStatements;null
broadleaf-3.1.5-GA;broadleaf-3.1.6-GA;class dedal.impl.SignatureImpl getNumActive;null
broadleaf-3.1.5-GA;broadleaf-3.1.6-GA;class dedal.impl.SignatureImpl setRemoveAbandonedTimeout;null
broadleaf-3.1.5-GA;broadleaf-3.1.6-GA;class dedal.impl.SignatureImpl setDefaultAutoCommit;null
broadleaf-3.1.5-GA;broadleaf-3.1.6-GA;class dedal.impl.SignatureImpl setDefaultTransactionIsolation;null
broadleaf-3.1.5-GA;broadleaf-3.1.6-GA;class dedal.impl.SignatureImpl setMaxOpenPreparedStatements;null
broadleaf-3.1.5-GA;broadleaf-3.1.6-GA;class dedal.impl.SignatureImpl setTestOnReturn;null
broadleaf-3.1.5-GA;broadleaf-3.1.6-GA;class dedal.impl.SignatureImpl getMinIdle;null
broadleaf-3.1.5-GA;broadleaf-3.1.6-GA;class dedal.impl.SignatureImpl getDefaultCatalog;null
broadleaf-3.1.5-GA;broadleaf-3.1.6-GA;class dedal.impl.SignatureImpl getLogAbandoned;null
broadleaf-3.1.5-GA;broadleaf-3.1.6-GA;class dedal.impl.SignatureImpl getRemoveAbandonedTimeout;null
broadleaf-3.1.5-GA;broadleaf-3.1.6-GA;class dedal.impl.SignatureImpl getTestWhileIdle;null
broadleaf-3.1.5-GA;broadleaf-3.1.6-GA;class dedal.impl.SignatureImpl getInitialSize;null
broadleaf-3.1.5-GA;broadleaf-3.1.6-GA;class dedal.impl.SignatureImpl isRestartNeeded;null
broadleaf-3.1.5-GA;broadleaf-3.1.6-GA;class dedal.impl.SignatureImpl getMinEvictableIdleTimeMillis;null
broadleaf-3.1.5-GA;broadleaf-3.1.6-GA;class dedal.impl.SignatureImpl resolveClassName;null
broadleaf-3.1.5-GA;broadleaf-3.1.6-GA;class dedal.impl.SignatureImpl getTargetObject;null
broadleaf-3.1.5-GA;broadleaf-3.1.6-GA;class dedal.impl.SignatureImpl getPreparedMethod;null
broadleaf-3.1.5-GA;broadleaf-3.1.6-GA;class dedal.impl.SignatureImpl setStaticMethod;null
broadleaf-3.1.5-GA;broadleaf-3.1.6-GA;class dedal.impl.SignatureImpl setTargetObject;null
broadleaf-3.1.5-GA;broadleaf-3.1.6-GA;class dedal.impl.SignatureImpl setTargetClass;null
broadleaf-3.1.5-GA;broadleaf-3.1.6-GA;class dedal.impl.SignatureImpl isPrepared;null
broadleaf-3.1.5-GA;broadleaf-3.1.6-GA;class dedal.impl.SignatureImpl findMatchingMethod;null
broadleaf-3.1.5-GA;broadleaf-3.1.6-GA;class dedal.impl.SignatureImpl doFindMatchingMethod;null
broadleaf-3.1.5-GA;broadleaf-3.1.6-GA;class dedal.impl.SignatureImpl getDefaultTypeConverter;null
broadleaf-3.1.5-GA;broadleaf-3.1.6-GA;class dedal.impl.SignatureImpl setTargetBeanName;null
broadleaf-3.1.5-GA;broadleaf-3.1.6-GA;class dedal.impl.SignatureImpl getJobDataMap;null
broadleaf-3.1.5-GA;broadleaf-3.1.6-GA;class dedal.impl.SignatureImpl setGroup;null
broadleaf-3.1.5-GA;broadleaf-3.1.6-GA;class dedal.impl.SignatureImpl setJobDetail;null
broadleaf-3.1.5-GA;broadleaf-3.1.6-GA;class dedal.impl.SignatureImpl setJobDataAsMap;null
broadleaf-3.1.5-GA;broadleaf-3.1.6-GA;class dedal.impl.SignatureImpl setJobDataMap;null
broadleaf-3.1.5-GA;broadleaf-3.1.6-GA;class dedal.impl.SignatureImpl setStartDelay;null
broadleaf-3.1.5-GA;broadleaf-3.1.6-GA;class dedal.impl.SignatureImpl setStartTime;null
broadleaf-3.1.5-GA;broadleaf-3.1.6-GA;class dedal.impl.SignatureImpl setMisfireInstructionName;null
broadleaf-3.1.5-GA;broadleaf-3.1.6-GA;class dedal.impl.SignatureImpl getJobDataMap;null
broadleaf-3.1.5-GA;broadleaf-3.1.6-GA;class dedal.impl.SignatureImpl getJobBuilder;null
broadleaf-3.1.5-GA;broadleaf-3.1.6-GA;class dedal.impl.SignatureImpl requestsRecovery;null
broadleaf-3.1.5-GA;broadleaf-3.1.6-GA;class dedal.impl.SignatureImpl isPersistJobDataAfterExecution;null
broadleaf-3.1.5-GA;broadleaf-3.1.6-GA;class dedal.impl.SignatureImpl postProcessVelocityEngine;null
broadleaf-3.1.5-GA;broadleaf-3.1.6-GA;class dedal.impl.SignatureImpl getResourceLoader;null
broadleaf-3.1.5-GA;broadleaf-3.1.6-GA;class dedal.impl.SignatureImpl setOverrideLogging;null
broadleaf-3.1.5-GA;broadleaf-3.1.6-GA;class dedal.impl.SignatureImpl initSpringResourceLoader;null
broadleaf-3.1.5-GA;broadleaf-3.1.6-GA;class dedal.impl.SignatureImpl setResourceLoader;null
broadleaf-3.1.5-GA;broadleaf-3.1.6-GA;class dedal.impl.SignatureImpl setVelocityProperties;null
broadleaf-3.1.5-GA;broadleaf-3.1.6-GA;class dedal.impl.SignatureImpl isPreferFileSystemAccess;null
broadleaf-3.1.5-GA;broadleaf-3.1.6-GA;class dedal.impl.SignatureImpl createVelocityEngine;null
broadleaf-3.1.5-GA;broadleaf-3.1.6-GA;class dedal.impl.SignatureImpl computeExpressionObjects;null
broadleaf-3.1.5-GA;broadleaf-3.1.6-GA;class dedal.impl.SignatureImpl computeAdditionalExpressionObjects;null
broadleaf-3.1.5-GA;broadleaf-3.1.6-GA;class dedal.impl.SignatureImpl isLocalVariableOverriding;null
broadleaf-3.1.5-GA;broadleaf-3.1.6-GA;class dedal.impl.SignatureImpl computeExpressionObjects;null
broadleaf-3.1.5-GA;broadleaf-3.1.6-GA;class dedal.impl.SignatureImpl computeAdditionalExpressionObjects;null
broadleaf-3.1.5-GA;broadleaf-3.1.6-GA;class dedal.impl.SignatureImpl isLocalVariableOverriding;null
broadleaf-3.1.5-GA;broadleaf-3.1.6-GA;class dedal.impl.SignatureImpl getJpaPropertyMap;null
broadleaf-3.1.5-GA;broadleaf-3.1.6-GA;class dedal.impl.SignatureImpl postProcessEntityManagerFactory;null
broadleaf-3.1.5-GA;broadleaf-3.1.6-GA;class dedal.impl.SignatureImpl getEntityManagerFactoryInterface;null
broadleaf-3.1.5-GA;broadleaf-3.1.6-GA;class dedal.impl.SignatureImpl getDatabase;null
broadleaf-3.1.5-GA;broadleaf-3.1.6-GA;class dedal.impl.InterfaceTypeImpl ISessionOrderLockManager;null
broadleaf-3.1.5-GA;broadleaf-3.1.6-GA;class dedal.impl.InterfaceTypeImpl IOrderLockManager;null
broadleaf-3.1.5-GA;broadleaf-3.1.6-GA;class dedal.impl.InterfaceTypeImpl IApplicationListener;null
broadleaf-3.1.5-GA;broadleaf-3.1.6-GA;class dedal.impl.InterfaceImpl __org.broadleafcommerce.core.web.order.SessionOrderLockManager.provISessionOrderLockManager;false
broadleaf-3.1.5-GA;broadleaf-3.1.6-GA;class dedal.impl.InterfaceImpl __org.broadleafcommerce.core.web.order.SessionOrderLockManager.provIOrderLockManager;false
broadleaf-3.1.5-GA;broadleaf-3.1.6-GA;class dedal.impl.InterfaceImpl __org.broadleafcommerce.core.web.order.SessionOrderLockManager.provIApplicationListener;false
broadleaf-3.1.5-GA;broadleaf-3.1.6-GA;class dedal.impl.ParameterImpl order;true
broadleaf-3.1.5-GA;broadleaf-3.1.6-GA;class dedal.impl.ParameterImpl lockObject;true
broadleaf-3.1.5-GA;broadleaf-3.1.6-GA;class dedal.impl.SignatureImpl acquireLock;false
broadleaf-3.1.5-GA;broadleaf-3.1.6-GA;class dedal.impl.SignatureImpl releaseLock;false
broadleaf-3.1.5-GA;broadleaf-3.1.6-GA;class dedal.impl.ParameterImpl arg0;true
broadleaf-3.1.5-GA;broadleaf-3.1.6-GA;class dedal.impl.SignatureImpl onApplicationEvent;false
broadleaf-3.1.5-GA;broadleaf-3.1.6-GA;class dedal.impl.ParameterImpl order;true
broadleaf-3.1.5-GA;broadleaf-3.1.6-GA;class dedal.impl.ParameterImpl lockObject;true
broadleaf-3.1.5-GA;broadleaf-3.1.6-GA;class dedal.impl.ParameterImpl arg0;true
broadleaf-3.1.5-GA;broadleaf-3.1.6-GA;class dedal.impl.SignatureImpl acquireLock;false
broadleaf-3.1.5-GA;broadleaf-3.1.6-GA;class dedal.impl.SignatureImpl releaseLock;false
broadleaf-3.1.5-GA;broadleaf-3.1.6-GA;class dedal.impl.SignatureImpl onApplicationEvent;false
broadleaf-3.1.5-GA;broadleaf-3.1.6-GA;class dedal.impl.SignatureImpl getRequest;false
broadleaf-3.1.5-GA;broadleaf-3.1.6-GA;class dedal.impl.SignatureImpl getSessionLock;false
broadleaf-3.1.5-GA;broadleaf-3.1.6-GA;class dedal.impl.CompTypeImpl org_broadleafcommerce_core_web_order_SessionOrderLockManager_Type;false
broadleaf-3.1.5-GA;broadleaf-3.1.6-GA;class dedal.impl.InterfaceTypeImpl IOrderLockManager;false
broadleaf-3.1.5-GA;broadleaf-3.1.6-GA;class dedal.impl.InterfaceTypeImpl IApplicationListener;false
broadleaf-3.1.5-GA;broadleaf-3.1.6-GA;class dedal.impl.InterfaceTypeImpl ISessionOrderLockManager;false
broadleaf-3.1.5-GA;broadleaf-3.1.6-GA;class dedal.impl.InterfaceTypeImpl ISessionOrderLockManager;null
broadleaf-3.1.5-GA;broadleaf-3.1.6-GA;class dedal.impl.InterfaceTypeImpl IOrderLockManager;null
broadleaf-3.1.5-GA;broadleaf-3.1.6-GA;class dedal.impl.InterfaceTypeImpl IApplicationListener;null
broadleaf-3.1.5-GA;broadleaf-3.1.6-GA;class dedal.impl.InterfaceImpl org_broadleafcommerce_core_web_order_SessionOrderLockManager_provISessionOrderLockManager;false
broadleaf-3.1.5-GA;broadleaf-3.1.6-GA;class dedal.impl.InterfaceImpl org_broadleafcommerce_core_web_order_SessionOrderLockManager_provIOrderLockManager;false
broadleaf-3.1.5-GA;broadleaf-3.1.6-GA;class dedal.impl.InterfaceImpl org_broadleafcommerce_core_web_order_SessionOrderLockManager_provIApplicationListener;false
broadleaf-3.1.5-GA;broadleaf-3.1.6-GA;class dedal.impl.CompRoleImpl org_broadleafcommerce_core_web_order_SessionOrderLockManager_role;false
broadleaf-3.1.5-GA;broadleaf-3.1.6-GA;class dedal.impl.CompTypeImpl org_broadleafcommerce_core_web_order_SessionOrderLockManager_Type;null
broadleaf-3.1.5-GA;broadleaf-3.1.6-GA;class dedal.impl.CompClassImpl "org.broadleafcommerce.core.web.order.SessionOrderLockManager";false
broadleaf-3.1.5-GA;broadleaf-3.1.6-GA;class dedal.impl.InterfaceTypeImpl ISessionOrderLockManager;null
broadleaf-3.1.5-GA;broadleaf-3.1.6-GA;class dedal.impl.InterfaceTypeImpl IOrderLockManager;null
broadleaf-3.1.5-GA;broadleaf-3.1.6-GA;class dedal.impl.InterfaceTypeImpl IApplicationListener;null
broadleaf-3.1.5-GA;broadleaf-3.1.6-GA;class dedal.impl.InterfaceImpl org_broadleafcommerce_core_web_order_SessionOrderLockManager_role_provISessionOrderLockManager_spec;false
broadleaf-3.1.5-GA;broadleaf-3.1.6-GA;class dedal.impl.InterfaceImpl org_broadleafcommerce_core_web_order_SessionOrderLockManager_role_provIOrderLockManager_spec;false
broadleaf-3.1.5-GA;broadleaf-3.1.6-GA;class dedal.impl.InterfaceImpl org_broadleafcommerce_core_web_order_SessionOrderLockManager_role_provIApplicationListener_spec;false
broadleaf-3.1.5-GA;broadleaf-3.1.6-GA;class dedal.impl.CompRoleImpl org_broadleafcommerce_core_web_order_SessionOrderLockManager_role;false
broadleaf-3.1.5-GA;broadleaf-3.1.6-GA;class dedal.impl.SignatureImpl onRegister;false
broadleaf-3.1.5-GA;broadleaf-3.1.6-GA;class dedal.impl.InterfaceTypeImpl IListFactoryBean;null
broadleaf-3.1.5-GA;broadleaf-3.1.6-GA;class dedal.impl.InterfaceTypeImpl IMapFactoryBean;null
broadleaf-3.1.5-GA;broadleaf-3.1.6-GA;class dedal.impl.InterfaceTypeImpl ISharedEntityManagerBean;null
broadleaf-3.1.5-GA;broadleaf-3.1.6-GA;class dedal.impl.InterfaceTypeImpl IEntityManagerFactory;null
broadleaf-3.1.5-GA;broadleaf-3.1.6-GA;class dedal.impl.InterfaceTypeImpl IPersistenceUnitInfo;null
broadleaf-3.1.5-GA;broadleaf-3.1.6-GA;class dedal.impl.InterfaceTypeImpl IReloadableResourceBundleMessageSource;null
broadleaf-3.1.5-GA;broadleaf-3.1.6-GA;class dedal.impl.InterfaceTypeImpl IBroadleafMergeResourceBundleMessageSource;null
broadleaf-3.1.5-GA;broadleaf-3.1.6-GA;class dedal.impl.InterfaceTypeImpl ISortedListFactoryBean;null
broadleaf-3.1.5-GA;broadleaf-3.1.6-GA;class dedal.impl.InterfaceTypeImpl ICommonsMultipartResolver;null
broadleaf-3.1.5-GA;broadleaf-3.1.6-GA;class dedal.impl.InterfaceTypeImpl IRequestMappingHandlerMapping;null
broadleaf-3.1.5-GA;broadleaf-3.1.6-GA;class dedal.impl.InterfaceTypeImpl ISetFactoryBean;null
broadleaf-3.1.5-GA;broadleaf-3.1.6-GA;class dedal.impl.InterfaceTypeImpl IAbstractDialect;null
broadleaf-3.1.5-GA;broadleaf-3.1.6-GA;class dedal.impl.InterfaceTypeImpl IBLCAdminDialect;null
broadleaf-3.1.5-GA;broadleaf-3.1.6-GA;class dedal.impl.InterfaceTypeImpl ISpringTemplateEngine;false
broadleaf-3.1.5-GA;broadleaf-3.1.6-GA;class dedal.impl.InterfaceTypeImpl ISpringMessageResolver;null
broadleaf-3.1.5-GA;broadleaf-3.1.6-GA;class dedal.impl.InterfaceTypeImpl ILocalContainerEntityManagerFactoryBean;null
broadleaf-3.1.5-GA;broadleaf-3.1.6-GA;class dedal.impl.InterfaceTypeImpl IJpaVendorAdapter;null
broadleaf-3.1.5-GA;broadleaf-3.1.6-GA;class dedal.impl.InterfaceTypeImpl IJpaTransactionManager;null
broadleaf-3.1.5-GA;broadleaf-3.1.6-GA;class dedal.impl.InterfaceTypeImpl IMBeanExporter;false
broadleaf-3.1.5-GA;broadleaf-3.1.6-GA;class dedal.impl.InterfaceTypeImpl IStatisticsService;null
broadleaf-3.1.5-GA;broadleaf-3.1.6-GA;class dedal.impl.InterfaceTypeImpl IJndiObjectFactoryBean;null
broadleaf-3.1.5-GA;broadleaf-3.1.6-GA;class dedal.impl.InterfaceTypeImpl IConversionServiceFactoryBean;null
broadleaf-3.1.5-GA;broadleaf-3.1.6-GA;class dedal.impl.InterfaceTypeImpl IBLCDialect;null
broadleaf-3.1.5-GA;broadleaf-3.1.6-GA;class dedal.impl.InterfaceTypeImpl ISpringStandardDialect;null
broadleaf-3.1.5-GA;broadleaf-3.1.6-GA;class dedal.impl.InterfaceTypeImpl IBasicDataSource;null
broadleaf-3.1.5-GA;broadleaf-3.1.6-GA;class dedal.impl.InterfaceTypeImpl IMethodInvokingJobDetailFactoryBean;null
broadleaf-3.1.5-GA;broadleaf-3.1.6-GA;class dedal.impl.InterfaceTypeImpl ISimpleTriggerFactoryBean;null
broadleaf-3.1.5-GA;broadleaf-3.1.6-GA;class dedal.impl.InterfaceTypeImpl IJobDetail;null
broadleaf-3.1.5-GA;broadleaf-3.1.6-GA;class dedal.impl.InterfaceTypeImpl IVelocityEngineFactoryBean;null
broadleaf-3.1.5-GA;broadleaf-3.1.6-GA;class dedal.impl.InterfaceTypeImpl ISpelVariableExpressionEvaluator;null
broadleaf-3.1.5-GA;broadleaf-3.1.6-GA;class dedal.impl.InterfaceTypeImpl IBroadleafVariableExpressionEvaluator;null
broadleaf-3.1.5-GA;broadleaf-3.1.6-GA;class dedal.impl.InterfaceTypeImpl IHibernateJpaVendorAdapter;null
broadleaf-3.1.5-GA;broadleaf-3.1.6-GA;class dedal.impl.InterfaceImpl org_springframework_beans_factory_config_ListFactoryBean_provIListFactoryBean;null
broadleaf-3.1.5-GA;broadleaf-3.1.6-GA;class dedal.impl.InterfaceImpl org_springframework_beans_factory_config_MapFactoryBean_provIMapFactoryBean;null
broadleaf-3.1.5-GA;broadleaf-3.1.6-GA;class dedal.impl.InterfaceImpl org_springframework_orm_jpa_support_SharedEntityManagerBean_provISharedEntityManagerBean;null
broadleaf-3.1.5-GA;broadleaf-3.1.6-GA;class dedal.impl.InterfaceImpl org_springframework_orm_jpa_support_SharedEntityManagerBean_entityManagerFactory;null
broadleaf-3.1.5-GA;broadleaf-3.1.6-GA;class dedal.impl.InterfaceImpl org_broadleafcommerce_openadmin_server_dao_EJB3ConfigurationDaoImpl_persistenceUnitInfo;null
broadleaf-3.1.5-GA;broadleaf-3.1.6-GA;class dedal.impl.InterfaceImpl org_broadleafcommerce_common_util_BroadleafMergeResourceBundleMessageSource_provIReloadableResourceBundleMessageSource;null
broadleaf-3.1.5-GA;broadleaf-3.1.6-GA;class dedal.impl.InterfaceImpl org_broadleafcommerce_common_util_BroadleafMergeResourceBundleMessageSource_provIBroadleafMergeResourceBundleMessageSource;null
broadleaf-3.1.5-GA;broadleaf-3.1.6-GA;class dedal.impl.InterfaceImpl org_broadleafcommerce_common_util_SortedListFactoryBean_provISortedListFactoryBean;null
broadleaf-3.1.5-GA;broadleaf-3.1.6-GA;class dedal.impl.InterfaceImpl org_springframework_web_multipart_commons_CommonsMultipartResolver_provICommonsMultipartResolver;null
broadleaf-3.1.5-GA;broadleaf-3.1.6-GA;class dedal.impl.InterfaceImpl org_springframework_web_servlet_mvc_method_annotation_RequestMappingHandlerMapping_provIRequestMappingHandlerMapping;null
broadleaf-3.1.5-GA;broadleaf-3.1.6-GA;class dedal.impl.InterfaceImpl org_springframework_beans_factory_config_SetFactoryBean_provISetFactoryBean;null
broadleaf-3.1.5-GA;broadleaf-3.1.6-GA;class dedal.impl.InterfaceImpl org_broadleafcommerce_common_web_dialect_BLCAdminDialect_provIAbstractDialect;null
broadleaf-3.1.5-GA;broadleaf-3.1.6-GA;class dedal.impl.InterfaceImpl org_broadleafcommerce_common_web_dialect_BLCAdminDialect_provIBLCAdminDialect;null
broadleaf-3.1.5-GA;broadleaf-3.1.6-GA;class dedal.impl.InterfaceImpl org_thymeleaf_spring3_SpringTemplateEngine_provISpringTemplateEngine;false
broadleaf-3.1.5-GA;broadleaf-3.1.6-GA;class dedal.impl.InterfaceImpl org_thymeleaf_spring3_messageresolver_SpringMessageResolver_provISpringMessageResolver;null
broadleaf-3.1.5-GA;broadleaf-3.1.6-GA;class dedal.impl.InterfaceImpl org_springframework_orm_jpa_LocalContainerEntityManagerFactoryBean_provILocalContainerEntityManagerFactoryBean;null
broadleaf-3.1.5-GA;broadleaf-3.1.6-GA;class dedal.impl.InterfaceImpl org_springframework_orm_jpa_LocalContainerEntityManagerFactoryBean_jpaVendorAdapter;null
broadleaf-3.1.5-GA;broadleaf-3.1.6-GA;class dedal.impl.InterfaceImpl org_springframework_orm_jpa_JpaTransactionManager_provIJpaTransactionManager;null
broadleaf-3.1.5-GA;broadleaf-3.1.6-GA;class dedal.impl.InterfaceImpl org_springframework_jmx_export_MBeanExporter_provIMBeanExporter;false
broadleaf-3.1.5-GA;broadleaf-3.1.6-GA;class dedal.impl.InterfaceImpl org_hibernate_jmx_StatisticsService_provIStatisticsService;null
broadleaf-3.1.5-GA;broadleaf-3.1.6-GA;class dedal.impl.InterfaceImpl org_springframework_jndi_JndiObjectFactoryBean_provIJndiObjectFactoryBean;null
broadleaf-3.1.5-GA;broadleaf-3.1.6-GA;class dedal.impl.InterfaceImpl org_springframework_context_support_ConversionServiceFactoryBean_provIConversionServiceFactoryBean;null
broadleaf-3.1.5-GA;broadleaf-3.1.6-GA;class dedal.impl.InterfaceImpl org_broadleafcommerce_common_web_dialect_BLCDialect_provIBLCDialect;null
broadleaf-3.1.5-GA;broadleaf-3.1.6-GA;class dedal.impl.InterfaceImpl org_thymeleaf_spring3_dialect_SpringStandardDialect_provISpringStandardDialect;null
broadleaf-3.1.5-GA;broadleaf-3.1.6-GA;class dedal.impl.InterfaceImpl org_apache_commons_dbcp_BasicDataSource_provIBasicDataSource;null
broadleaf-3.1.5-GA;broadleaf-3.1.6-GA;class dedal.impl.InterfaceImpl org_springframework_scheduling_quartz_MethodInvokingJobDetailFactoryBean_provIMethodInvokingJobDetailFactoryBean;null
broadleaf-3.1.5-GA;broadleaf-3.1.6-GA;class dedal.impl.InterfaceImpl org_springframework_scheduling_quartz_SimpleTriggerFactoryBean_provISimpleTriggerFactoryBean;null
broadleaf-3.1.5-GA;broadleaf-3.1.6-GA;class dedal.impl.InterfaceImpl org_springframework_scheduling_quartz_SimpleTriggerFactoryBean_jobDetail;null
broadleaf-3.1.5-GA;broadleaf-3.1.6-GA;class dedal.impl.InterfaceImpl org_springframework_ui_velocity_VelocityEngineFactoryBean_provIVelocityEngineFactoryBean;null
broadleaf-3.1.5-GA;broadleaf-3.1.6-GA;class dedal.impl.InterfaceImpl org_broadleafcommerce_common_web_expression_BroadleafVariableExpressionEvaluator_provISpelVariableExpressionEvaluator;null
broadleaf-3.1.5-GA;broadleaf-3.1.6-GA;class dedal.impl.InterfaceImpl org_broadleafcommerce_common_web_expression_BroadleafVariableExpressionEvaluator_provIBroadleafVariableExpressionEvaluator;null
broadleaf-3.1.5-GA;broadleaf-3.1.6-GA;class dedal.impl.InterfaceImpl org_springframework_orm_jpa_vendor_HibernateJpaVendorAdapter_provIHibernateJpaVendorAdapter;null
broadleaf-3.1.5-GA;broadleaf-3.1.6-GA;class dedal.impl.CompClassImpl "org.springframework.beans.factory.config.ListFactoryBean";null
broadleaf-3.1.5-GA;broadleaf-3.1.6-GA;class dedal.impl.CompClassImpl "org.springframework.beans.factory.config.MapFactoryBean";null
broadleaf-3.1.5-GA;broadleaf-3.1.6-GA;class dedal.impl.CompClassImpl "org.springframework.orm.jpa.support.SharedEntityManagerBean";null
broadleaf-3.1.5-GA;broadleaf-3.1.6-GA;class dedal.impl.CompClassImpl "org.broadleafcommerce.openadmin.server.dao.EJB3ConfigurationDaoImpl";null
broadleaf-3.1.5-GA;broadleaf-3.1.6-GA;class dedal.impl.CompClassImpl "org.broadleafcommerce.common.util.BroadleafMergeResourceBundleMessageSource";null
broadleaf-3.1.5-GA;broadleaf-3.1.6-GA;class dedal.impl.CompClassImpl "org.broadleafcommerce.common.util.SortedListFactoryBean";null
broadleaf-3.1.5-GA;broadleaf-3.1.6-GA;class dedal.impl.CompClassImpl "org.springframework.web.multipart.commons.CommonsMultipartResolver";null
broadleaf-3.1.5-GA;broadleaf-3.1.6-GA;class dedal.impl.CompClassImpl "org.springframework.web.servlet.mvc.method.annotation.RequestMappingHandlerMapping";null
broadleaf-3.1.5-GA;broadleaf-3.1.6-GA;class dedal.impl.CompClassImpl "org.springframework.beans.factory.config.SetFactoryBean";null
broadleaf-3.1.5-GA;broadleaf-3.1.6-GA;class dedal.impl.CompClassImpl "org.broadleafcommerce.common.web.dialect.BLCAdminDialect";null
broadleaf-3.1.5-GA;broadleaf-3.1.6-GA;class dedal.impl.CompClassImpl "org.thymeleaf.spring3.SpringTemplateEngine";false
broadleaf-3.1.5-GA;broadleaf-3.1.6-GA;class dedal.impl.CompClassImpl "org.thymeleaf.spring3.messageresolver.SpringMessageResolver";null
broadleaf-3.1.5-GA;broadleaf-3.1.6-GA;class dedal.impl.CompClassImpl "org.springframework.orm.jpa.LocalContainerEntityManagerFactoryBean";null
broadleaf-3.1.5-GA;broadleaf-3.1.6-GA;class dedal.impl.CompClassImpl "org.springframework.orm.jpa.JpaTransactionManager";null
broadleaf-3.1.5-GA;broadleaf-3.1.6-GA;class dedal.impl.CompClassImpl "org.springframework.jmx.export.MBeanExporter";false
broadleaf-3.1.5-GA;broadleaf-3.1.6-GA;class dedal.impl.CompClassImpl "org.hibernate.jmx.StatisticsService";null
broadleaf-3.1.5-GA;broadleaf-3.1.6-GA;class dedal.impl.CompClassImpl "org.springframework.jndi.JndiObjectFactoryBean";null
broadleaf-3.1.5-GA;broadleaf-3.1.6-GA;class dedal.impl.CompClassImpl "org.springframework.context.support.ConversionServiceFactoryBean";null
broadleaf-3.1.5-GA;broadleaf-3.1.6-GA;class dedal.impl.CompClassImpl "org.broadleafcommerce.common.web.dialect.BLCDialect";null
broadleaf-3.1.5-GA;broadleaf-3.1.6-GA;class dedal.impl.CompClassImpl "org.thymeleaf.spring3.dialect.SpringStandardDialect";null
broadleaf-3.1.5-GA;broadleaf-3.1.6-GA;class dedal.impl.CompClassImpl "org.apache.commons.dbcp.BasicDataSource";null
broadleaf-3.1.5-GA;broadleaf-3.1.6-GA;class dedal.impl.CompClassImpl "org.springframework.scheduling.quartz.MethodInvokingJobDetailFactoryBean";null
broadleaf-3.1.5-GA;broadleaf-3.1.6-GA;class dedal.impl.CompClassImpl "org.springframework.scheduling.quartz.SimpleTriggerFactoryBean";null
broadleaf-3.1.5-GA;broadleaf-3.1.6-GA;class dedal.impl.CompClassImpl "org.springframework.ui.velocity.VelocityEngineFactoryBean";null
broadleaf-3.1.5-GA;broadleaf-3.1.6-GA;class dedal.impl.CompClassImpl "org.broadleafcommerce.common.web.expression.BroadleafVariableExpressionEvaluator";null
broadleaf-3.1.5-GA;broadleaf-3.1.6-GA;class dedal.impl.CompClassImpl "org.springframework.orm.jpa.vendor.HibernateJpaVendorAdapter";null
broadleaf-3.1.5-GA;broadleaf-3.1.6-GA;class dedal.impl.ConfigurationImpl Configuration;false
broadleaf-3.1.5-GA;broadleaf-3.1.6-GA;class dedal.impl.AssemblyImpl Assembly;false
broadleaf-3.1.5-GA;broadleaf-3.1.6-GA;class dedal.impl.SpecificationImpl Specification;false
