old;new;obj;diff_kind;subst
broadleaf-4.0.10-GA;broadleaf-4.0.11-GA;class dedal.impl.SignatureImpl getEarlySingletonInstance;MOVE;null
broadleaf-4.0.10-GA;broadleaf-4.0.11-GA;class dedal.impl.SignatureImpl getEarlySingletonInterfaces;MOVE;null
broadleaf-4.0.10-GA;broadleaf-4.0.11-GA;class dedal.impl.SignatureImpl getBeanTypeConverter;MOVE;null
broadleaf-4.0.10-GA;broadleaf-4.0.11-GA;class dedal.impl.SignatureImpl getEarlySingletonInstance;MOVE;null
broadleaf-4.0.10-GA;broadleaf-4.0.11-GA;class dedal.impl.SignatureImpl getEarlySingletonInterfaces;MOVE;null
broadleaf-4.0.10-GA;broadleaf-4.0.11-GA;class dedal.impl.SignatureImpl getBeanTypeConverter;MOVE;null
broadleaf-4.0.10-GA;broadleaf-4.0.11-GA;class dedal.impl.SignatureImpl setPersistenceUnitName;MOVE;null
broadleaf-4.0.10-GA;broadleaf-4.0.11-GA;class dedal.impl.SignatureImpl getTransactionalEntityManager;MOVE;null
broadleaf-4.0.10-GA;broadleaf-4.0.11-GA;class dedal.impl.SignatureImpl setEntityManagerFactory;MOVE;null
broadleaf-4.0.10-GA;broadleaf-4.0.11-GA;class dedal.impl.SignatureImpl setJpaPropertyMap;MOVE;null
broadleaf-4.0.10-GA;broadleaf-4.0.11-GA;class dedal.impl.SignatureImpl setJpaProperties;MOVE;null
broadleaf-4.0.10-GA;broadleaf-4.0.11-GA;class dedal.impl.SignatureImpl getPersistenceUnitUtil;MOVE;null
broadleaf-4.0.10-GA;broadleaf-4.0.11-GA;class dedal.impl.SignatureImpl setAlwaysUseMessageFormat;MOVE;null
broadleaf-4.0.10-GA;broadleaf-4.0.11-GA;class dedal.impl.SignatureImpl getMessageInternal;MOVE;null
broadleaf-4.0.10-GA;broadleaf-4.0.11-GA;class dedal.impl.SignatureImpl setCommonMessages;MOVE;null
broadleaf-4.0.10-GA;broadleaf-4.0.11-GA;class dedal.impl.SignatureImpl getDefaultMessage;MOVE;null
broadleaf-4.0.10-GA;broadleaf-4.0.11-GA;class dedal.impl.SignatureImpl resolveCode;MOVE;null
broadleaf-4.0.10-GA;broadleaf-4.0.11-GA;class dedal.impl.SignatureImpl calculateFilenamesForLocale;MOVE;null
broadleaf-4.0.10-GA;broadleaf-4.0.11-GA;class dedal.impl.SignatureImpl setPropertiesPersister;MOVE;null
broadleaf-4.0.10-GA;broadleaf-4.0.11-GA;class dedal.impl.SignatureImpl setFallbackToSystemLocale;MOVE;null
broadleaf-4.0.10-GA;broadleaf-4.0.11-GA;class dedal.impl.SignatureImpl setBasenames;MOVE;null
broadleaf-4.0.10-GA;broadleaf-4.0.11-GA;class dedal.impl.SignatureImpl setBasename;MOVE;null
broadleaf-4.0.10-GA;broadleaf-4.0.11-GA;class dedal.impl.SignatureImpl getMergedProperties;MOVE;null
broadleaf-4.0.10-GA;broadleaf-4.0.11-GA;class dedal.impl.SignatureImpl setFileEncodings;MOVE;null
broadleaf-4.0.10-GA;broadleaf-4.0.11-GA;class dedal.impl.SignatureImpl setConcurrentRefresh;MOVE;null
broadleaf-4.0.10-GA;broadleaf-4.0.11-GA;class dedal.impl.SignatureImpl setAlwaysUseMessageFormat;MOVE;null
broadleaf-4.0.10-GA;broadleaf-4.0.11-GA;class dedal.impl.SignatureImpl getMessageInternal;MOVE;null
broadleaf-4.0.10-GA;broadleaf-4.0.11-GA;class dedal.impl.SignatureImpl setCommonMessages;MOVE;null
broadleaf-4.0.10-GA;broadleaf-4.0.11-GA;class dedal.impl.SignatureImpl getDefaultMessage;MOVE;null
broadleaf-4.0.10-GA;broadleaf-4.0.11-GA;class dedal.impl.SignatureImpl resolveCode;MOVE;null
broadleaf-4.0.10-GA;broadleaf-4.0.11-GA;class dedal.impl.SignatureImpl calculateFilenamesForLocale;MOVE;null
broadleaf-4.0.10-GA;broadleaf-4.0.11-GA;class dedal.impl.SignatureImpl setPropertiesPersister;MOVE;null
broadleaf-4.0.10-GA;broadleaf-4.0.11-GA;class dedal.impl.SignatureImpl setFallbackToSystemLocale;MOVE;null
broadleaf-4.0.10-GA;broadleaf-4.0.11-GA;class dedal.impl.SignatureImpl setBasenames;MOVE;null
broadleaf-4.0.10-GA;broadleaf-4.0.11-GA;class dedal.impl.SignatureImpl setBasename;MOVE;null
broadleaf-4.0.10-GA;broadleaf-4.0.11-GA;class dedal.impl.SignatureImpl getMergedProperties;MOVE;null
broadleaf-4.0.10-GA;broadleaf-4.0.11-GA;class dedal.impl.SignatureImpl setFileEncodings;MOVE;null
broadleaf-4.0.10-GA;broadleaf-4.0.11-GA;class dedal.impl.SignatureImpl setConcurrentRefresh;MOVE;null
broadleaf-4.0.10-GA;broadleaf-4.0.11-GA;class dedal.impl.SignatureImpl addCache;MOVE;null
broadleaf-4.0.10-GA;broadleaf-4.0.11-GA;class dedal.impl.SignatureImpl lookupCache;MOVE;null
broadleaf-4.0.10-GA;broadleaf-4.0.11-GA;class dedal.impl.SignatureImpl loadCaches;MOVE;null
broadleaf-4.0.10-GA;broadleaf-4.0.11-GA;class dedal.impl.SignatureImpl setTransactionAware;MOVE;null
broadleaf-4.0.10-GA;broadleaf-4.0.11-GA;class dedal.impl.SignatureImpl getCacheManager;MOVE;null
broadleaf-4.0.10-GA;broadleaf-4.0.11-GA;class dedal.impl.ParameterImpl arg0;DELETE;true
broadleaf-4.0.10-GA;broadleaf-4.0.11-GA;class dedal.impl.ParameterImpl arg0;ADD;false
broadleaf-4.0.10-GA;broadleaf-4.0.11-GA;class dedal.impl.SignatureImpl retrieveFeaturesManager;MOVE;null
broadleaf-4.0.10-GA;broadleaf-4.0.11-GA;class dedal.impl.SignatureImpl addCache;MOVE;null
broadleaf-4.0.10-GA;broadleaf-4.0.11-GA;class dedal.impl.SignatureImpl addDecoratedCache;MOVE;null
broadleaf-4.0.10-GA;broadleaf-4.0.11-GA;class dedal.impl.SignatureImpl doInit;MOVE;null
broadleaf-4.0.10-GA;broadleaf-4.0.11-GA;class dedal.impl.SignatureImpl getDiskStorePathManager;MOVE;null
broadleaf-4.0.10-GA;broadleaf-4.0.11-GA;class dedal.impl.SignatureImpl getOriginalConfigurationText;MOVE;null
broadleaf-4.0.10-GA;broadleaf-4.0.11-GA;class dedal.impl.SignatureImpl checkForUpdateIfNeeded;MOVE;null
broadleaf-4.0.10-GA;broadleaf-4.0.11-GA;class dedal.impl.SignatureImpl createSoftLockManager;MOVE;null
broadleaf-4.0.10-GA;broadleaf-4.0.11-GA;class dedal.impl.SignatureImpl getCachePeerListener;MOVE;null
broadleaf-4.0.10-GA;broadleaf-4.0.11-GA;class dedal.impl.SignatureImpl getFeaturesManager;MOVE;null
broadleaf-4.0.10-GA;broadleaf-4.0.11-GA;class dedal.impl.SignatureImpl addConfiguredCaches;MOVE;null
broadleaf-4.0.10-GA;broadleaf-4.0.11-GA;class dedal.impl.SignatureImpl getTimer;MOVE;null
broadleaf-4.0.10-GA;broadleaf-4.0.11-GA;class dedal.impl.SignatureImpl getClusterUUID;MOVE;null
broadleaf-4.0.10-GA;broadleaf-4.0.11-GA;class dedal.impl.SignatureImpl getClientUUID;MOVE;null
broadleaf-4.0.10-GA;broadleaf-4.0.11-GA;class dedal.impl.SignatureImpl addDecoratedCacheIfAbsent;MOVE;null
broadleaf-4.0.10-GA;broadleaf-4.0.11-GA;class dedal.impl.SignatureImpl internalAddDecoratedCache;MOVE;null
broadleaf-4.0.10-GA;broadleaf-4.0.11-GA;class dedal.impl.SignatureImpl initializeEhcache;MOVE;null
broadleaf-4.0.10-GA;broadleaf-4.0.11-GA;class dedal.impl.SignatureImpl getTransactionController;MOVE;null
broadleaf-4.0.10-GA;broadleaf-4.0.11-GA;class dedal.impl.SignatureImpl getClusteredInstanceFactory;MOVE;null
broadleaf-4.0.10-GA;broadleaf-4.0.11-GA;class dedal.impl.SignatureImpl getOrCreateTransactionIDFactory;MOVE;null
broadleaf-4.0.10-GA;broadleaf-4.0.11-GA;class dedal.impl.SignatureImpl getCluster;MOVE;null
broadleaf-4.0.10-GA;broadleaf-4.0.11-GA;class dedal.impl.SignatureImpl checkStatus;MOVE;null
broadleaf-4.0.10-GA;broadleaf-4.0.11-GA;class dedal.impl.SignatureImpl getOnDiskPool;MOVE;null
broadleaf-4.0.10-GA;broadleaf-4.0.11-GA;class dedal.impl.SignatureImpl assertNoCacheManagerExistsWithSameName;MOVE;null
broadleaf-4.0.10-GA;broadleaf-4.0.11-GA;class dedal.impl.SignatureImpl getEhcache;MOVE;null
broadleaf-4.0.10-GA;broadleaf-4.0.11-GA;class dedal.impl.SignatureImpl addShutdownHookIfRequired;MOVE;null
broadleaf-4.0.10-GA;broadleaf-4.0.11-GA;class dedal.impl.SignatureImpl associateShadowCache;MOVE;null
broadleaf-4.0.10-GA;broadleaf-4.0.11-GA;class dedal.impl.SignatureImpl getParentCacheName;MOVE;null
broadleaf-4.0.10-GA;broadleaf-4.0.11-GA;class dedal.impl.SignatureImpl getOnHeapPool;MOVE;null
broadleaf-4.0.10-GA;broadleaf-4.0.11-GA;class dedal.impl.SignatureImpl createTerracottaWriteBehind;MOVE;null
broadleaf-4.0.10-GA;broadleaf-4.0.11-GA;class dedal.impl.SignatureImpl addOrReplaceDecoratedCache;MOVE;null
broadleaf-4.0.10-GA;broadleaf-4.0.11-GA;class dedal.impl.SignatureImpl getCacheManagerEventListenerRegistry;MOVE;null
broadleaf-4.0.10-GA;broadleaf-4.0.11-GA;class dedal.impl.SignatureImpl replaceCacheWithDecoratedCache;MOVE;null
broadleaf-4.0.10-GA;broadleaf-4.0.11-GA;class dedal.impl.SignatureImpl getCacheNames;MOVE;null
broadleaf-4.0.10-GA;broadleaf-4.0.11-GA;class dedal.impl.SignatureImpl cacheExists;MOVE;null
broadleaf-4.0.10-GA;broadleaf-4.0.11-GA;class dedal.impl.SignatureImpl parseConfiguration;MOVE;null
broadleaf-4.0.10-GA;broadleaf-4.0.11-GA;class dedal.impl.SignatureImpl detectAndFixCacheManagerPeerListenerConflict;MOVE;null
broadleaf-4.0.10-GA;broadleaf-4.0.11-GA;class dedal.impl.SignatureImpl addCacheNoCheck;MOVE;null
broadleaf-4.0.10-GA;broadleaf-4.0.11-GA;class dedal.impl.SignatureImpl removeAllCaches;MOVE;null
broadleaf-4.0.10-GA;broadleaf-4.0.11-GA;class dedal.impl.SignatureImpl setCacheManagerEventListener;MOVE;null
broadleaf-4.0.10-GA;broadleaf-4.0.11-GA;class dedal.impl.SignatureImpl getActiveConfigurationText;MOVE;false
broadleaf-4.0.10-GA;broadleaf-4.0.11-GA;class dedal.impl.SignatureImpl addCacheIfAbsent;MOVE;null
broadleaf-4.0.10-GA;broadleaf-4.0.11-GA;class dedal.impl.SignatureImpl cloneDefaultCache;MOVE;null
broadleaf-4.0.10-GA;broadleaf-4.0.11-GA;class dedal.impl.SignatureImpl createDefaultCacheDecorators;MOVE;null
broadleaf-4.0.10-GA;broadleaf-4.0.11-GA;class dedal.impl.SignatureImpl reinitialisationCheck;MOVE;null
broadleaf-4.0.10-GA;broadleaf-4.0.11-GA;class dedal.impl.SignatureImpl getCacheManagerPeerProvider;MOVE;null
broadleaf-4.0.10-GA;broadleaf-4.0.11-GA;class dedal.impl.SignatureImpl createTerracottaStore;MOVE;null
broadleaf-4.0.10-GA;broadleaf-4.0.11-GA;class dedal.impl.SignatureImpl writeContent;MOVE;null
broadleaf-4.0.10-GA;broadleaf-4.0.11-GA;class dedal.impl.SignatureImpl setResourceResolvers;MOVE;null
broadleaf-4.0.10-GA;broadleaf-4.0.11-GA;class dedal.impl.SignatureImpl processPath;MOVE;null
broadleaf-4.0.10-GA;broadleaf-4.0.11-GA;class dedal.impl.SignatureImpl getResourceTransformers;MOVE;null
broadleaf-4.0.10-GA;broadleaf-4.0.11-GA;class dedal.impl.SignatureImpl writeContent;MOVE;null
broadleaf-4.0.10-GA;broadleaf-4.0.11-GA;class dedal.impl.SignatureImpl setResourceResolvers;MOVE;null
broadleaf-4.0.10-GA;broadleaf-4.0.11-GA;class dedal.impl.SignatureImpl processPath;MOVE;null
broadleaf-4.0.10-GA;broadleaf-4.0.11-GA;class dedal.impl.SignatureImpl getResourceTransformers;MOVE;null
broadleaf-4.0.10-GA;broadleaf-4.0.11-GA;class dedal.impl.SignatureImpl getEarlySingletonInstance;MOVE;null
broadleaf-4.0.10-GA;broadleaf-4.0.11-GA;class dedal.impl.SignatureImpl getEarlySingletonInterfaces;MOVE;null
broadleaf-4.0.10-GA;broadleaf-4.0.11-GA;class dedal.impl.SignatureImpl getBeanTypeConverter;MOVE;null
broadleaf-4.0.10-GA;broadleaf-4.0.11-GA;class dedal.impl.SignatureImpl handleNoMatch;MOVE;null
broadleaf-4.0.10-GA;broadleaf-4.0.11-GA;class dedal.impl.SignatureImpl getHandlerMethods;MOVE;null
broadleaf-4.0.10-GA;broadleaf-4.0.11-GA;class dedal.impl.SignatureImpl initHandlerMethods;MOVE;null
broadleaf-4.0.10-GA;broadleaf-4.0.11-GA;class dedal.impl.SignatureImpl detectHandlerMethods;MOVE;null
broadleaf-4.0.10-GA;broadleaf-4.0.11-GA;class dedal.impl.SignatureImpl registerHandlerMethod;MOVE;null
broadleaf-4.0.10-GA;broadleaf-4.0.11-GA;class dedal.impl.SignatureImpl handleMatch;MOVE;null
broadleaf-4.0.10-GA;broadleaf-4.0.11-GA;class dedal.impl.SignatureImpl setDetectHandlerMethodsInAncestorContexts;MOVE;null
broadleaf-4.0.10-GA;broadleaf-4.0.11-GA;class dedal.impl.SignatureImpl updateNameMap;MOVE;null
broadleaf-4.0.10-GA;broadleaf-4.0.11-GA;class dedal.impl.SignatureImpl addMatchingMappings;MOVE;null
broadleaf-4.0.10-GA;broadleaf-4.0.11-GA;class dedal.impl.SignatureImpl setHandlerMethodMappingNamingStrategy;MOVE;null
broadleaf-4.0.10-GA;broadleaf-4.0.11-GA;class dedal.impl.SignatureImpl lookupHandlerMethod;MOVE;null
broadleaf-4.0.10-GA;broadleaf-4.0.11-GA;class dedal.impl.SignatureImpl isHandler;MOVE;null
broadleaf-4.0.10-GA;broadleaf-4.0.11-GA;class dedal.impl.SignatureImpl getRequestParams;MOVE;null
broadleaf-4.0.10-GA;broadleaf-4.0.11-GA;class dedal.impl.SignatureImpl useRegisteredSuffixPatternMatch;MOVE;null
broadleaf-4.0.10-GA;broadleaf-4.0.11-GA;class dedal.impl.SignatureImpl setUseTrailingSlashMatch;MOVE;null
broadleaf-4.0.10-GA;broadleaf-4.0.11-GA;class dedal.impl.SignatureImpl setContentNegotiationManager;MOVE;null
broadleaf-4.0.10-GA;broadleaf-4.0.11-GA;class dedal.impl.SignatureImpl getCustomTypeCondition;MOVE;null
broadleaf-4.0.10-GA;broadleaf-4.0.11-GA;class dedal.impl.SignatureImpl createRequestMappingInfo;MOVE;null
broadleaf-4.0.10-GA;broadleaf-4.0.11-GA;class dedal.impl.SignatureImpl getFileExtensions;MOVE;null
broadleaf-4.0.10-GA;broadleaf-4.0.11-GA;class dedal.impl.SignatureImpl getEarlySingletonInstance;MOVE;null
broadleaf-4.0.10-GA;broadleaf-4.0.11-GA;class dedal.impl.SignatureImpl getEarlySingletonInterfaces;MOVE;null
broadleaf-4.0.10-GA;broadleaf-4.0.11-GA;class dedal.impl.SignatureImpl getBeanTypeConverter;MOVE;null
broadleaf-4.0.10-GA;broadleaf-4.0.11-GA;class dedal.impl.SignatureImpl getProcessors;MOVE;null
broadleaf-4.0.10-GA;broadleaf-4.0.11-GA;class dedal.impl.SignatureImpl getExecutionAttributes;MOVE;null
broadleaf-4.0.10-GA;broadleaf-4.0.11-GA;class dedal.impl.SignatureImpl getProcessors;MOVE;null
broadleaf-4.0.10-GA;broadleaf-4.0.11-GA;class dedal.impl.SignatureImpl getExecutionAttributes;MOVE;null
broadleaf-4.0.10-GA;broadleaf-4.0.11-GA;class dedal.impl.SignatureImpl checkNotInitialized;MOVE;null
broadleaf-4.0.10-GA;broadleaf-4.0.11-GA;class dedal.impl.SignatureImpl getResolvablePatterns;MOVE;null
broadleaf-4.0.10-GA;broadleaf-4.0.11-GA;class dedal.impl.SignatureImpl computeResourceName;MOVE;null
broadleaf-4.0.10-GA;broadleaf-4.0.11-GA;class dedal.impl.SignatureImpl computeResourceResolver;MOVE;null
broadleaf-4.0.10-GA;broadleaf-4.0.11-GA;class dedal.impl.SignatureImpl computeTemplateMode;MOVE;null
broadleaf-4.0.10-GA;broadleaf-4.0.11-GA;class dedal.impl.SignatureImpl computeCharacterEncoding;MOVE;null
broadleaf-4.0.10-GA;broadleaf-4.0.11-GA;class dedal.impl.SignatureImpl setResolvablePatterns;MOVE;null
broadleaf-4.0.10-GA;broadleaf-4.0.11-GA;class dedal.impl.SignatureImpl unsafeGetName;MOVE;null
broadleaf-4.0.10-GA;broadleaf-4.0.11-GA;class dedal.impl.SignatureImpl unsafeGetPrefix;MOVE;null
broadleaf-4.0.10-GA;broadleaf-4.0.11-GA;class dedal.impl.SignatureImpl setResourceResolver;MOVE;null
broadleaf-4.0.10-GA;broadleaf-4.0.11-GA;class dedal.impl.SignatureImpl setXmlTemplateModePatterns;MOVE;null
broadleaf-4.0.10-GA;broadleaf-4.0.11-GA;class dedal.impl.SignatureImpl getValidXmlTemplateModePatternSpec;MOVE;null
broadleaf-4.0.10-GA;broadleaf-4.0.11-GA;class dedal.impl.SignatureImpl setHtml5TemplateModePatterns;MOVE;null
broadleaf-4.0.10-GA;broadleaf-4.0.11-GA;class dedal.impl.SignatureImpl unsafeGetSuffix;MOVE;null
broadleaf-4.0.10-GA;broadleaf-4.0.11-GA;class dedal.impl.SignatureImpl setSuffix;MOVE;null
broadleaf-4.0.10-GA;broadleaf-4.0.11-GA;class dedal.impl.SignatureImpl setTemplateMode;MOVE;null
broadleaf-4.0.10-GA;broadleaf-4.0.11-GA;class dedal.impl.SignatureImpl getLegacyHtml5TemplateModePatterns;MOVE;null
broadleaf-4.0.10-GA;broadleaf-4.0.11-GA;class dedal.impl.SignatureImpl getValidXhtmlTemplateModePatterns;MOVE;null
broadleaf-4.0.10-GA;broadleaf-4.0.11-GA;class dedal.impl.SignatureImpl setCacheable;MOVE;null
broadleaf-4.0.10-GA;broadleaf-4.0.11-GA;class dedal.impl.SignatureImpl unsafeGetCharacterEncoding;MOVE;null
broadleaf-4.0.10-GA;broadleaf-4.0.11-GA;class dedal.impl.SignatureImpl unsafeGetCacheTTLMs;MOVE;null
broadleaf-4.0.10-GA;broadleaf-4.0.11-GA;class dedal.impl.SignatureImpl isCacheable;MOVE;null
broadleaf-4.0.10-GA;broadleaf-4.0.11-GA;class dedal.impl.SignatureImpl getCacheablePatterns;MOVE;null
broadleaf-4.0.10-GA;broadleaf-4.0.11-GA;class dedal.impl.SignatureImpl getHtml5TemplateModePatternSpec;MOVE;null
broadleaf-4.0.10-GA;broadleaf-4.0.11-GA;class dedal.impl.SignatureImpl setXhtmlTemplateModePatterns;MOVE;null
broadleaf-4.0.10-GA;broadleaf-4.0.11-GA;class dedal.impl.SignatureImpl unsafeIsCacheable;MOVE;null
broadleaf-4.0.10-GA;broadleaf-4.0.11-GA;class dedal.impl.SignatureImpl getValidXhtmlTemplateModePatternSpec;MOVE;null
broadleaf-4.0.10-GA;broadleaf-4.0.11-GA;class dedal.impl.SignatureImpl setCacheTTLMs;MOVE;null
broadleaf-4.0.10-GA;broadleaf-4.0.11-GA;class dedal.impl.SignatureImpl unsafeGetTemplateMode;MOVE;null
broadleaf-4.0.10-GA;broadleaf-4.0.11-GA;class dedal.impl.SignatureImpl getLegacyHtml5TemplateModePatternSpec;MOVE;null
broadleaf-4.0.10-GA;broadleaf-4.0.11-GA;class dedal.impl.SignatureImpl getNonCacheablePatterns;MOVE;null
broadleaf-4.0.10-GA;broadleaf-4.0.11-GA;class dedal.impl.SignatureImpl getXmlTemplateModePatterns;MOVE;null
broadleaf-4.0.10-GA;broadleaf-4.0.11-GA;class dedal.impl.SignatureImpl getXmlTemplateModePatternSpec;MOVE;null
broadleaf-4.0.10-GA;broadleaf-4.0.11-GA;class dedal.impl.SignatureImpl getTemplateMode;MOVE;null
broadleaf-4.0.10-GA;broadleaf-4.0.11-GA;class dedal.impl.SignatureImpl setLegacyHtml5TemplateModePatterns;MOVE;null
broadleaf-4.0.10-GA;broadleaf-4.0.11-GA;class dedal.impl.SignatureImpl getCacheTTLMs;MOVE;null
broadleaf-4.0.10-GA;broadleaf-4.0.11-GA;class dedal.impl.SignatureImpl addTemplateAlias;MOVE;null
broadleaf-4.0.10-GA;broadleaf-4.0.11-GA;class dedal.impl.SignatureImpl setValidXmlTemplateModePatterns;MOVE;null
broadleaf-4.0.10-GA;broadleaf-4.0.11-GA;class dedal.impl.SignatureImpl getCacheablePatternSpec;MOVE;null
broadleaf-4.0.10-GA;broadleaf-4.0.11-GA;class dedal.impl.SignatureImpl setValidXhtmlTemplateModePatterns;MOVE;null
broadleaf-4.0.10-GA;broadleaf-4.0.11-GA;class dedal.impl.SignatureImpl clearTemplateAliases;MOVE;null
broadleaf-4.0.10-GA;broadleaf-4.0.11-GA;class dedal.impl.SignatureImpl setCacheablePatterns;MOVE;null
broadleaf-4.0.10-GA;broadleaf-4.0.11-GA;class dedal.impl.SignatureImpl checkNotInitialized;MOVE;null
broadleaf-4.0.10-GA;broadleaf-4.0.11-GA;class dedal.impl.SignatureImpl getResolvablePatterns;MOVE;null
broadleaf-4.0.10-GA;broadleaf-4.0.11-GA;class dedal.impl.SignatureImpl computeResourceName;MOVE;null
broadleaf-4.0.10-GA;broadleaf-4.0.11-GA;class dedal.impl.SignatureImpl computeResourceResolver;MOVE;null
broadleaf-4.0.10-GA;broadleaf-4.0.11-GA;class dedal.impl.SignatureImpl computeTemplateMode;MOVE;null
broadleaf-4.0.10-GA;broadleaf-4.0.11-GA;class dedal.impl.SignatureImpl computeCharacterEncoding;MOVE;null
broadleaf-4.0.10-GA;broadleaf-4.0.11-GA;class dedal.impl.SignatureImpl setResolvablePatterns;MOVE;null
broadleaf-4.0.10-GA;broadleaf-4.0.11-GA;class dedal.impl.SignatureImpl unsafeGetName;MOVE;null
broadleaf-4.0.10-GA;broadleaf-4.0.11-GA;class dedal.impl.SignatureImpl unsafeGetPrefix;MOVE;null
broadleaf-4.0.10-GA;broadleaf-4.0.11-GA;class dedal.impl.SignatureImpl setResourceResolver;MOVE;null
broadleaf-4.0.10-GA;broadleaf-4.0.11-GA;class dedal.impl.SignatureImpl setXmlTemplateModePatterns;MOVE;null
broadleaf-4.0.10-GA;broadleaf-4.0.11-GA;class dedal.impl.SignatureImpl getValidXmlTemplateModePatternSpec;MOVE;null
broadleaf-4.0.10-GA;broadleaf-4.0.11-GA;class dedal.impl.SignatureImpl setHtml5TemplateModePatterns;MOVE;null
broadleaf-4.0.10-GA;broadleaf-4.0.11-GA;class dedal.impl.SignatureImpl unsafeGetSuffix;MOVE;null
broadleaf-4.0.10-GA;broadleaf-4.0.11-GA;class dedal.impl.SignatureImpl setSuffix;MOVE;null
broadleaf-4.0.10-GA;broadleaf-4.0.11-GA;class dedal.impl.SignatureImpl setTemplateMode;MOVE;null
broadleaf-4.0.10-GA;broadleaf-4.0.11-GA;class dedal.impl.SignatureImpl getLegacyHtml5TemplateModePatterns;MOVE;null
broadleaf-4.0.10-GA;broadleaf-4.0.11-GA;class dedal.impl.SignatureImpl getValidXhtmlTemplateModePatterns;MOVE;null
broadleaf-4.0.10-GA;broadleaf-4.0.11-GA;class dedal.impl.SignatureImpl setCacheable;MOVE;null
broadleaf-4.0.10-GA;broadleaf-4.0.11-GA;class dedal.impl.SignatureImpl unsafeGetCharacterEncoding;MOVE;null
broadleaf-4.0.10-GA;broadleaf-4.0.11-GA;class dedal.impl.SignatureImpl unsafeGetCacheTTLMs;MOVE;null
broadleaf-4.0.10-GA;broadleaf-4.0.11-GA;class dedal.impl.SignatureImpl isCacheable;MOVE;null
broadleaf-4.0.10-GA;broadleaf-4.0.11-GA;class dedal.impl.SignatureImpl getCacheablePatterns;MOVE;null
broadleaf-4.0.10-GA;broadleaf-4.0.11-GA;class dedal.impl.SignatureImpl getHtml5TemplateModePatternSpec;MOVE;null
broadleaf-4.0.10-GA;broadleaf-4.0.11-GA;class dedal.impl.SignatureImpl setXhtmlTemplateModePatterns;MOVE;null
broadleaf-4.0.10-GA;broadleaf-4.0.11-GA;class dedal.impl.SignatureImpl unsafeIsCacheable;MOVE;null
broadleaf-4.0.10-GA;broadleaf-4.0.11-GA;class dedal.impl.SignatureImpl getValidXhtmlTemplateModePatternSpec;MOVE;null
broadleaf-4.0.10-GA;broadleaf-4.0.11-GA;class dedal.impl.SignatureImpl setCacheTTLMs;MOVE;null
broadleaf-4.0.10-GA;broadleaf-4.0.11-GA;class dedal.impl.SignatureImpl unsafeGetTemplateMode;MOVE;null
broadleaf-4.0.10-GA;broadleaf-4.0.11-GA;class dedal.impl.SignatureImpl getLegacyHtml5TemplateModePatternSpec;MOVE;null
broadleaf-4.0.10-GA;broadleaf-4.0.11-GA;class dedal.impl.SignatureImpl getNonCacheablePatterns;MOVE;null
broadleaf-4.0.10-GA;broadleaf-4.0.11-GA;class dedal.impl.SignatureImpl getXmlTemplateModePatterns;MOVE;null
broadleaf-4.0.10-GA;broadleaf-4.0.11-GA;class dedal.impl.SignatureImpl getXmlTemplateModePatternSpec;MOVE;null
broadleaf-4.0.10-GA;broadleaf-4.0.11-GA;class dedal.impl.SignatureImpl getTemplateMode;MOVE;null
broadleaf-4.0.10-GA;broadleaf-4.0.11-GA;class dedal.impl.SignatureImpl setLegacyHtml5TemplateModePatterns;MOVE;null
broadleaf-4.0.10-GA;broadleaf-4.0.11-GA;class dedal.impl.SignatureImpl getCacheTTLMs;MOVE;null
broadleaf-4.0.10-GA;broadleaf-4.0.11-GA;class dedal.impl.SignatureImpl addTemplateAlias;MOVE;null
broadleaf-4.0.10-GA;broadleaf-4.0.11-GA;class dedal.impl.SignatureImpl setValidXmlTemplateModePatterns;MOVE;null
broadleaf-4.0.10-GA;broadleaf-4.0.11-GA;class dedal.impl.SignatureImpl getCacheablePatternSpec;MOVE;null
broadleaf-4.0.10-GA;broadleaf-4.0.11-GA;class dedal.impl.SignatureImpl setValidXhtmlTemplateModePatterns;MOVE;null
broadleaf-4.0.10-GA;broadleaf-4.0.11-GA;class dedal.impl.SignatureImpl clearTemplateAliases;MOVE;null
broadleaf-4.0.10-GA;broadleaf-4.0.11-GA;class dedal.impl.SignatureImpl setCacheablePatterns;MOVE;null
broadleaf-4.0.10-GA;broadleaf-4.0.11-GA;class dedal.impl.SignatureImpl getOrder;MOVE;null
broadleaf-4.0.10-GA;broadleaf-4.0.11-GA;class dedal.impl.SignatureImpl checkNotInitialized;MOVE;null
broadleaf-4.0.10-GA;broadleaf-4.0.11-GA;class dedal.impl.SignatureImpl unsafeGetName;MOVE;null
broadleaf-4.0.10-GA;broadleaf-4.0.11-GA;class dedal.impl.SignatureImpl getOrder;MOVE;null
broadleaf-4.0.10-GA;broadleaf-4.0.11-GA;class dedal.impl.SignatureImpl checkNotInitialized;MOVE;null
broadleaf-4.0.10-GA;broadleaf-4.0.11-GA;class dedal.impl.SignatureImpl unsafeGetName;MOVE;null
broadleaf-4.0.10-GA;broadleaf-4.0.11-GA;class dedal.impl.SignatureImpl getTemplateResolvers;MOVE;null
broadleaf-4.0.10-GA;broadleaf-4.0.11-GA;class dedal.impl.SignatureImpl setTemplateResolvers;MOVE;null
broadleaf-4.0.10-GA;broadleaf-4.0.11-GA;class dedal.impl.SignatureImpl clearTemplateCache;MOVE;null
broadleaf-4.0.10-GA;broadleaf-4.0.11-GA;class dedal.impl.SignatureImpl clearTemplateCacheFor;MOVE;null
broadleaf-4.0.10-GA;broadleaf-4.0.11-GA;class dedal.impl.SignatureImpl setDialectsByPrefix;MOVE;null
broadleaf-4.0.10-GA;broadleaf-4.0.11-GA;class dedal.impl.SignatureImpl setTemplateResolver;MOVE;null
broadleaf-4.0.10-GA;broadleaf-4.0.11-GA;class dedal.impl.SignatureImpl getMessageResolvers;MOVE;null
broadleaf-4.0.10-GA;broadleaf-4.0.11-GA;class dedal.impl.SignatureImpl setDialect;MOVE;null
broadleaf-4.0.10-GA;broadleaf-4.0.11-GA;class dedal.impl.SignatureImpl setDefaultTemplateModeHandlers;MOVE;null
broadleaf-4.0.10-GA;broadleaf-4.0.11-GA;class dedal.impl.SignatureImpl addTemplateResolver;MOVE;null
broadleaf-4.0.10-GA;broadleaf-4.0.11-GA;class dedal.impl.SignatureImpl getCacheManager;MOVE;null
broadleaf-4.0.10-GA;broadleaf-4.0.11-GA;class dedal.impl.SignatureImpl addTemplateModeHandler;MOVE;null
broadleaf-4.0.10-GA;broadleaf-4.0.11-GA;class dedal.impl.SignatureImpl initializeSpecific;MOVE;null
broadleaf-4.0.10-GA;broadleaf-4.0.11-GA;class dedal.impl.SignatureImpl addDialect;MOVE;null
broadleaf-4.0.10-GA;broadleaf-4.0.11-GA;class dedal.impl.SignatureImpl getTemplateRepository;MOVE;null
broadleaf-4.0.10-GA;broadleaf-4.0.11-GA;class dedal.impl.SignatureImpl getTemplateModeHandlers;MOVE;null
broadleaf-4.0.10-GA;broadleaf-4.0.11-GA;class dedal.impl.SignatureImpl setDialects;MOVE;null
broadleaf-4.0.10-GA;broadleaf-4.0.11-GA;class dedal.impl.SignatureImpl getOrder;MOVE;null
broadleaf-4.0.10-GA;broadleaf-4.0.11-GA;class dedal.impl.SignatureImpl checkNotInitialized;MOVE;null
broadleaf-4.0.10-GA;broadleaf-4.0.11-GA;class dedal.impl.SignatureImpl unsafeGetName;MOVE;null
broadleaf-4.0.10-GA;broadleaf-4.0.11-GA;class dedal.impl.SignatureImpl unsafeGetMessageSource;MOVE;null
broadleaf-4.0.10-GA;broadleaf-4.0.11-GA;class dedal.impl.SignatureImpl getPersistenceUnitInfo;MOVE;null
broadleaf-4.0.10-GA;broadleaf-4.0.11-GA;class dedal.impl.SignatureImpl getPersistenceUnitName;MOVE;null
broadleaf-4.0.10-GA;broadleaf-4.0.11-GA;class dedal.impl.SignatureImpl getBeanClassLoader;MOVE;null
broadleaf-4.0.10-GA;broadleaf-4.0.11-GA;class dedal.impl.SignatureImpl getDataSource;MOVE;null
broadleaf-4.0.10-GA;broadleaf-4.0.11-GA;class dedal.impl.SignatureImpl setPersistenceUnitName;MOVE;null
broadleaf-4.0.10-GA;broadleaf-4.0.11-GA;class dedal.impl.SignatureImpl createNativeEntityManagerFactory;MOVE;null
broadleaf-4.0.10-GA;broadleaf-4.0.11-GA;class dedal.impl.SignatureImpl setPersistenceProviderClass;MOVE;null
broadleaf-4.0.10-GA;broadleaf-4.0.11-GA;class dedal.impl.SignatureImpl setJpaPropertyMap;MOVE;null
broadleaf-4.0.10-GA;broadleaf-4.0.11-GA;class dedal.impl.SignatureImpl setJpaProperties;MOVE;null
broadleaf-4.0.10-GA;broadleaf-4.0.11-GA;class dedal.impl.SignatureImpl createEntityManagerFactoryProxy;MOVE;null
broadleaf-4.0.10-GA;broadleaf-4.0.11-GA;class dedal.impl.SignatureImpl setPersistenceUnitManager;MOVE;null
broadleaf-4.0.10-GA;broadleaf-4.0.11-GA;class dedal.impl.SignatureImpl setMappingResources;MOVE;null
broadleaf-4.0.10-GA;broadleaf-4.0.11-GA;class dedal.impl.SignatureImpl determinePersistenceUnitInfo;MOVE;null
broadleaf-4.0.10-GA;broadleaf-4.0.11-GA;class dedal.impl.SignatureImpl setJtaDataSource;MOVE;null
broadleaf-4.0.10-GA;broadleaf-4.0.11-GA;class dedal.impl.SignatureImpl setDataSource;MOVE;null
broadleaf-4.0.10-GA;broadleaf-4.0.11-GA;class dedal.impl.SignatureImpl postProcessEntityManagerFactory;MOVE;null
broadleaf-4.0.10-GA;broadleaf-4.0.11-GA;class dedal.impl.SignatureImpl getJpaPropertyMap;MOVE;null
broadleaf-4.0.10-GA;broadleaf-4.0.11-GA;class dedal.impl.SignatureImpl postProcessEntityManagerFactory;MOVE;null
broadleaf-4.0.10-GA;broadleaf-4.0.11-GA;class dedal.impl.SignatureImpl obtainPersistenceUnitInfo;MOVE;null
broadleaf-4.0.10-GA;broadleaf-4.0.11-GA;class dedal.impl.SignatureImpl setDefaultTimeout;MOVE;null
broadleaf-4.0.10-GA;broadleaf-4.0.11-GA;class dedal.impl.SignatureImpl determineTimeout;MOVE;null
broadleaf-4.0.10-GA;broadleaf-4.0.11-GA;class dedal.impl.SignatureImpl isGlobalRollbackOnParticipationFailure;MOVE;null
broadleaf-4.0.10-GA;broadleaf-4.0.11-GA;class dedal.impl.SignatureImpl doSetRollbackOnly;MOVE;null
broadleaf-4.0.10-GA;broadleaf-4.0.11-GA;class dedal.impl.SignatureImpl triggerBeforeCommit;MOVE;null
broadleaf-4.0.10-GA;broadleaf-4.0.11-GA;class dedal.impl.SignatureImpl doCommit;MOVE;null
broadleaf-4.0.10-GA;broadleaf-4.0.11-GA;class dedal.impl.SignatureImpl invokeAfterCompletion;MOVE;null
broadleaf-4.0.10-GA;broadleaf-4.0.11-GA;class dedal.impl.SignatureImpl prepareSynchronization;MOVE;null
broadleaf-4.0.10-GA;broadleaf-4.0.11-GA;class dedal.impl.SignatureImpl doRollback;MOVE;null
broadleaf-4.0.10-GA;broadleaf-4.0.11-GA;class dedal.impl.SignatureImpl resumeAfterBeginException;MOVE;null
broadleaf-4.0.10-GA;broadleaf-4.0.11-GA;class dedal.impl.SignatureImpl getTransactionSynchronization;MOVE;null
broadleaf-4.0.10-GA;broadleaf-4.0.11-GA;class dedal.impl.SignatureImpl setValidateExistingTransaction;MOVE;null
broadleaf-4.0.10-GA;broadleaf-4.0.11-GA;class dedal.impl.SignatureImpl shouldCommitOnGlobalRollbackOnly;MOVE;null
broadleaf-4.0.10-GA;broadleaf-4.0.11-GA;class dedal.impl.SignatureImpl doCleanupAfterCompletion;MOVE;null
broadleaf-4.0.10-GA;broadleaf-4.0.11-GA;class dedal.impl.SignatureImpl prepareForCommit;MOVE;null
broadleaf-4.0.10-GA;broadleaf-4.0.11-GA;class dedal.impl.SignatureImpl registerAfterCompletionWithExistingTransaction;MOVE;null
broadleaf-4.0.10-GA;broadleaf-4.0.11-GA;class dedal.impl.SignatureImpl newTransactionStatus;MOVE;null
broadleaf-4.0.10-GA;broadleaf-4.0.11-GA;class dedal.impl.SignatureImpl doResume;MOVE;null
broadleaf-4.0.10-GA;broadleaf-4.0.11-GA;class dedal.impl.SignatureImpl doGetTransaction;MOVE;null
broadleaf-4.0.10-GA;broadleaf-4.0.11-GA;class dedal.impl.SignatureImpl isExistingTransaction;MOVE;null
broadleaf-4.0.10-GA;broadleaf-4.0.11-GA;class dedal.impl.SignatureImpl setNestedTransactionAllowed;MOVE;null
broadleaf-4.0.10-GA;broadleaf-4.0.11-GA;class dedal.impl.SignatureImpl cleanupAfterCompletion;MOVE;null
broadleaf-4.0.10-GA;broadleaf-4.0.11-GA;class dedal.impl.SignatureImpl useSavepointForNestedTransaction;MOVE;null
broadleaf-4.0.10-GA;broadleaf-4.0.11-GA;class dedal.impl.SignatureImpl processRollback;MOVE;null
broadleaf-4.0.10-GA;broadleaf-4.0.11-GA;class dedal.impl.SignatureImpl doSuspendSynchronization;MOVE;null
broadleaf-4.0.10-GA;broadleaf-4.0.11-GA;class dedal.impl.SignatureImpl doResumeSynchronization;MOVE;null
broadleaf-4.0.10-GA;broadleaf-4.0.11-GA;class dedal.impl.SignatureImpl getDefaultTimeout;MOVE;null
broadleaf-4.0.10-GA;broadleaf-4.0.11-GA;class dedal.impl.SignatureImpl triggerAfterCompletion;MOVE;null
broadleaf-4.0.10-GA;broadleaf-4.0.11-GA;class dedal.impl.SignatureImpl doSuspend;MOVE;null
broadleaf-4.0.10-GA;broadleaf-4.0.11-GA;class dedal.impl.SignatureImpl doRollbackOnCommitException;MOVE;null
broadleaf-4.0.10-GA;broadleaf-4.0.11-GA;class dedal.impl.SignatureImpl prepareTransactionStatus;MOVE;null
broadleaf-4.0.10-GA;broadleaf-4.0.11-GA;class dedal.impl.SignatureImpl setPersistenceUnitName;MOVE;null
broadleaf-4.0.10-GA;broadleaf-4.0.11-GA;class dedal.impl.SignatureImpl getJpaDialect;MOVE;null
broadleaf-4.0.10-GA;broadleaf-4.0.11-GA;class dedal.impl.SignatureImpl getPersistenceUnitName;MOVE;null
broadleaf-4.0.10-GA;broadleaf-4.0.11-GA;class dedal.impl.SignatureImpl setDataSource;MOVE;null
broadleaf-4.0.10-GA;broadleaf-4.0.11-GA;class dedal.impl.SignatureImpl setEntityManagerFactory;MOVE;null
broadleaf-4.0.10-GA;broadleaf-4.0.11-GA;class dedal.impl.SignatureImpl getEntityManagerFactory;MOVE;null
broadleaf-4.0.10-GA;broadleaf-4.0.11-GA;class dedal.impl.SignatureImpl newFileUpload;MOVE;null
broadleaf-4.0.10-GA;broadleaf-4.0.11-GA;class dedal.impl.SignatureImpl getFileItemFactory;MOVE;null
broadleaf-4.0.10-GA;broadleaf-4.0.11-GA;class dedal.impl.SignatureImpl getFileUpload;MOVE;null
broadleaf-4.0.10-GA;broadleaf-4.0.11-GA;class dedal.impl.SignatureImpl determineEncoding;MOVE;null
broadleaf-4.0.10-GA;broadleaf-4.0.11-GA;class dedal.impl.SignatureImpl cleanupFileItems;MOVE;null
broadleaf-4.0.10-GA;broadleaf-4.0.11-GA;class dedal.impl.SignatureImpl setMaxUploadSize;MOVE;null
broadleaf-4.0.10-GA;broadleaf-4.0.11-GA;class dedal.impl.SignatureImpl setUploadTempDir;MOVE;null
broadleaf-4.0.10-GA;broadleaf-4.0.11-GA;class dedal.impl.SignatureImpl newFileItemFactory;MOVE;null
broadleaf-4.0.10-GA;broadleaf-4.0.11-GA;class dedal.impl.SignatureImpl cleanupMultipart;MOVE;null
broadleaf-4.0.10-GA;broadleaf-4.0.11-GA;class dedal.impl.SignatureImpl parseRequest;MOVE;null
broadleaf-4.0.10-GA;broadleaf-4.0.11-GA;class dedal.impl.SignatureImpl getManagedNotifications;MOVE;null
broadleaf-4.0.10-GA;broadleaf-4.0.11-GA;class dedal.impl.SignatureImpl getManagedOperation;MOVE;null
broadleaf-4.0.10-GA;broadleaf-4.0.11-GA;class dedal.impl.SignatureImpl setRegistrationBehavior;MOVE;null
broadleaf-4.0.10-GA;broadleaf-4.0.11-GA;class dedal.impl.SignatureImpl getRegisteredObjectNames;MOVE;null
broadleaf-4.0.10-GA;broadleaf-4.0.11-GA;class dedal.impl.SignatureImpl getServer;MOVE;null
broadleaf-4.0.10-GA;broadleaf-4.0.11-GA;class dedal.impl.SignatureImpl setServer;MOVE;null
broadleaf-4.0.10-GA;broadleaf-4.0.11-GA;class dedal.impl.SignatureImpl setRegistrationBehaviorName;MOVE;null
broadleaf-4.0.10-GA;broadleaf-4.0.11-GA;class dedal.impl.SignatureImpl doRegister;MOVE;null
broadleaf-4.0.10-GA;broadleaf-4.0.11-GA;class dedal.impl.SignatureImpl setExposeManagedResourceClassLoader;MOVE;null
broadleaf-4.0.10-GA;broadleaf-4.0.11-GA;class dedal.impl.SignatureImpl setBeans;MOVE;null
broadleaf-4.0.10-GA;broadleaf-4.0.11-GA;class dedal.impl.SignatureImpl setExcludedBeans;MOVE;null
broadleaf-4.0.10-GA;broadleaf-4.0.11-GA;class dedal.impl.SignatureImpl setAllowEagerInit;MOVE;null
broadleaf-4.0.10-GA;broadleaf-4.0.11-GA;class dedal.impl.SignatureImpl isExcluded;MOVE;null
broadleaf-4.0.10-GA;broadleaf-4.0.11-GA;class dedal.impl.SignatureImpl isBeanDefinitionAbstract;MOVE;null
broadleaf-4.0.10-GA;broadleaf-4.0.11-GA;class dedal.impl.SignatureImpl replaceNotificationListenerBeanNameKeysIfNecessary;MOVE;null
broadleaf-4.0.10-GA;broadleaf-4.0.11-GA;class dedal.impl.SignatureImpl registerBeans;MOVE;null
broadleaf-4.0.10-GA;broadleaf-4.0.11-GA;class dedal.impl.SignatureImpl setListeners;MOVE;null
broadleaf-4.0.10-GA;broadleaf-4.0.11-GA;class dedal.impl.SignatureImpl notifyListenersOfRegistration;MOVE;null
broadleaf-4.0.10-GA;broadleaf-4.0.11-GA;class dedal.impl.SignatureImpl notifyListenersOfUnregistration;MOVE;null
broadleaf-4.0.10-GA;broadleaf-4.0.11-GA;class dedal.impl.SignatureImpl isBeanDefinitionLazyInit;MOVE;null
broadleaf-4.0.10-GA;broadleaf-4.0.11-GA;class dedal.impl.SignatureImpl registerBeanNameOrInstance;MOVE;null
broadleaf-4.0.10-GA;broadleaf-4.0.11-GA;class dedal.impl.SignatureImpl setNamingStrategy;MOVE;null
broadleaf-4.0.10-GA;broadleaf-4.0.11-GA;class dedal.impl.SignatureImpl setAutodetectModeName;MOVE;null
broadleaf-4.0.10-GA;broadleaf-4.0.11-GA;class dedal.impl.SignatureImpl unregisterNotificationListeners;MOVE;null
broadleaf-4.0.10-GA;broadleaf-4.0.11-GA;class dedal.impl.SignatureImpl setAutodetect;MOVE;null
broadleaf-4.0.10-GA;broadleaf-4.0.11-GA;class dedal.impl.SignatureImpl setNotificationListenerMappings;MOVE;null
broadleaf-4.0.10-GA;broadleaf-4.0.11-GA;class dedal.impl.SignatureImpl adaptMBeanIfPossible;MOVE;null
broadleaf-4.0.10-GA;broadleaf-4.0.11-GA;class dedal.impl.SignatureImpl createAndConfigureMBean;MOVE;null
broadleaf-4.0.10-GA;broadleaf-4.0.11-GA;class dedal.impl.SignatureImpl registerLazyInit;MOVE;null
broadleaf-4.0.10-GA;broadleaf-4.0.11-GA;class dedal.impl.SignatureImpl autodetect;MOVE;null
broadleaf-4.0.10-GA;broadleaf-4.0.11-GA;class dedal.impl.SignatureImpl setEnsureUniqueRuntimeObjectNames;MOVE;null
broadleaf-4.0.10-GA;broadleaf-4.0.11-GA;class dedal.impl.SignatureImpl setNotificationListeners;MOVE;null
broadleaf-4.0.10-GA;broadleaf-4.0.11-GA;class dedal.impl.SignatureImpl getAttributeInfo;MOVE;null
broadleaf-4.0.10-GA;broadleaf-4.0.11-GA;class dedal.impl.SignatureImpl getClassToExpose;MOVE;null
broadleaf-4.0.10-GA;broadleaf-4.0.11-GA;class dedal.impl.SignatureImpl getConstructorInfo;MOVE;null
broadleaf-4.0.10-GA;broadleaf-4.0.11-GA;class dedal.impl.SignatureImpl getTargetClass;MOVE;null
broadleaf-4.0.10-GA;broadleaf-4.0.11-GA;class dedal.impl.SignatureImpl populateMBeanDescriptor;MOVE;null
broadleaf-4.0.10-GA;broadleaf-4.0.11-GA;class dedal.impl.SignatureImpl populateOperationDescriptor;MOVE;null
broadleaf-4.0.10-GA;broadleaf-4.0.11-GA;class dedal.impl.SignatureImpl setExposeClassDescriptor;MOVE;null
broadleaf-4.0.10-GA;broadleaf-4.0.11-GA;class dedal.impl.SignatureImpl includeReadAttribute;MOVE;null
broadleaf-4.0.10-GA;broadleaf-4.0.11-GA;class dedal.impl.SignatureImpl getOperationDescription;MOVE;null
broadleaf-4.0.10-GA;broadleaf-4.0.11-GA;class dedal.impl.SignatureImpl createModelMBeanOperationInfo;MOVE;null
broadleaf-4.0.10-GA;broadleaf-4.0.11-GA;class dedal.impl.SignatureImpl includeWriteAttribute;MOVE;null
broadleaf-4.0.10-GA;broadleaf-4.0.11-GA;class dedal.impl.SignatureImpl applyDefaultCurrencyTimeLimit;MOVE;null
broadleaf-4.0.10-GA;broadleaf-4.0.11-GA;class dedal.impl.SignatureImpl setUseStrictCasing;MOVE;null
broadleaf-4.0.10-GA;broadleaf-4.0.11-GA;class dedal.impl.SignatureImpl isExposeClassDescriptor;MOVE;null
broadleaf-4.0.10-GA;broadleaf-4.0.11-GA;class dedal.impl.SignatureImpl getDefaultCurrencyTimeLimit;MOVE;null
broadleaf-4.0.10-GA;broadleaf-4.0.11-GA;class dedal.impl.SignatureImpl applyCurrencyTimeLimit;MOVE;null
broadleaf-4.0.10-GA;broadleaf-4.0.11-GA;class dedal.impl.SignatureImpl includeOperation;MOVE;null
broadleaf-4.0.10-GA;broadleaf-4.0.11-GA;class dedal.impl.SignatureImpl getOperationParameters;MOVE;null
broadleaf-4.0.10-GA;broadleaf-4.0.11-GA;class dedal.impl.SignatureImpl getAttributeDescription;MOVE;null
broadleaf-4.0.10-GA;broadleaf-4.0.11-GA;class dedal.impl.SignatureImpl setAttributeSource;MOVE;null
broadleaf-4.0.10-GA;broadleaf-4.0.11-GA;class dedal.impl.SignatureImpl resolveObjectDescriptor;MOVE;null
broadleaf-4.0.10-GA;broadleaf-4.0.11-GA;class dedal.impl.SignatureImpl hasManagedOperation;MOVE;null
broadleaf-4.0.10-GA;broadleaf-4.0.11-GA;class dedal.impl.SignatureImpl getEntityStatistics;MOVE;null
broadleaf-4.0.10-GA;broadleaf-4.0.11-GA;class dedal.impl.SignatureImpl getCollectionRoleNames;MOVE;null
broadleaf-4.0.10-GA;broadleaf-4.0.11-GA;class dedal.impl.SignatureImpl getCollectionRemoveCount;MOVE;null
broadleaf-4.0.10-GA;broadleaf-4.0.11-GA;class dedal.impl.SignatureImpl getCollectionRecreateCount;MOVE;null
broadleaf-4.0.10-GA;broadleaf-4.0.11-GA;class dedal.impl.SignatureImpl getQueryCachePutCount;MOVE;null
broadleaf-4.0.10-GA;broadleaf-4.0.11-GA;class dedal.impl.SignatureImpl logSummary;MOVE;null
broadleaf-4.0.10-GA;broadleaf-4.0.11-GA;class dedal.impl.SignatureImpl isStatisticsEnabled;MOVE;null
broadleaf-4.0.10-GA;broadleaf-4.0.11-GA;class dedal.impl.SignatureImpl setStatisticsEnabled;MOVE;null
broadleaf-4.0.10-GA;broadleaf-4.0.11-GA;class dedal.impl.SignatureImpl getNaturalIdCacheMissCount;MOVE;null
broadleaf-4.0.10-GA;broadleaf-4.0.11-GA;class dedal.impl.SignatureImpl getPrepareStatementCount;MOVE;null
broadleaf-4.0.10-GA;broadleaf-4.0.11-GA;class dedal.impl.SignatureImpl getCloseStatementCount;MOVE;null
broadleaf-4.0.10-GA;broadleaf-4.0.11-GA;class dedal.impl.SignatureImpl getOptimisticFailureCount;MOVE;null
broadleaf-4.0.10-GA;broadleaf-4.0.11-GA;class dedal.impl.SignatureImpl getQueryExecutionMaxTimeQueryString;MOVE;null
broadleaf-4.0.10-GA;broadleaf-4.0.11-GA;class dedal.impl.SignatureImpl getQueryCacheMissCount;MOVE;null
broadleaf-4.0.10-GA;broadleaf-4.0.11-GA;class dedal.impl.SignatureImpl getFlushCount;MOVE;null
broadleaf-4.0.10-GA;broadleaf-4.0.11-GA;class dedal.impl.SignatureImpl getQueryExecutionCount;MOVE;null
broadleaf-4.0.10-GA;broadleaf-4.0.11-GA;class dedal.impl.SignatureImpl getQueryExecutionMaxTime;MOVE;null
broadleaf-4.0.10-GA;broadleaf-4.0.11-GA;class dedal.impl.SignatureImpl getQueryCacheHitCount;MOVE;null
broadleaf-4.0.10-GA;broadleaf-4.0.11-GA;class dedal.impl.SignatureImpl getNaturalIdCacheStatistics;MOVE;null
broadleaf-4.0.10-GA;broadleaf-4.0.11-GA;class dedal.impl.SignatureImpl getEntityInsertCount;MOVE;null
broadleaf-4.0.10-GA;broadleaf-4.0.11-GA;class dedal.impl.SignatureImpl getEntityDeleteCount;MOVE;null
broadleaf-4.0.10-GA;broadleaf-4.0.11-GA;class dedal.impl.SignatureImpl getEntityLoadCount;MOVE;null
broadleaf-4.0.10-GA;broadleaf-4.0.11-GA;class dedal.impl.SignatureImpl getEntityFetchCount;MOVE;null
broadleaf-4.0.10-GA;broadleaf-4.0.11-GA;class dedal.impl.SignatureImpl getEntityUpdateCount;MOVE;null
broadleaf-4.0.10-GA;broadleaf-4.0.11-GA;class dedal.impl.SignatureImpl getSecondLevelCacheRegionNames;MOVE;null
broadleaf-4.0.10-GA;broadleaf-4.0.11-GA;class dedal.impl.SignatureImpl getSuccessfulTransactionCount;MOVE;null
broadleaf-4.0.10-GA;broadleaf-4.0.11-GA;class dedal.impl.SignatureImpl getTransactionCount;MOVE;null
broadleaf-4.0.10-GA;broadleaf-4.0.11-GA;class dedal.impl.SignatureImpl getUpdateTimestampsCachePutCount;MOVE;null
broadleaf-4.0.10-GA;broadleaf-4.0.11-GA;class dedal.impl.SignatureImpl getSecondLevelCacheHitCount;MOVE;null
broadleaf-4.0.10-GA;broadleaf-4.0.11-GA;class dedal.impl.SignatureImpl getSecondLevelCacheMissCount;MOVE;null
broadleaf-4.0.10-GA;broadleaf-4.0.11-GA;class dedal.impl.SignatureImpl getSecondLevelCachePutCount;MOVE;null
broadleaf-4.0.10-GA;broadleaf-4.0.11-GA;class dedal.impl.SignatureImpl getSessionCloseCount;MOVE;null
broadleaf-4.0.10-GA;broadleaf-4.0.11-GA;class dedal.impl.SignatureImpl getCollectionStatistics;MOVE;null
broadleaf-4.0.10-GA;broadleaf-4.0.11-GA;class dedal.impl.SignatureImpl getSecondLevelCacheStatistics;MOVE;null
broadleaf-4.0.10-GA;broadleaf-4.0.11-GA;class dedal.impl.SignatureImpl getNaturalIdQueryExecutionMaxTimeRegion;MOVE;null
broadleaf-4.0.10-GA;broadleaf-4.0.11-GA;class dedal.impl.SignatureImpl getNaturalIdCacheHitCount;MOVE;null
broadleaf-4.0.10-GA;broadleaf-4.0.11-GA;class dedal.impl.SignatureImpl getConnectCount;MOVE;null
broadleaf-4.0.10-GA;broadleaf-4.0.11-GA;class dedal.impl.SignatureImpl getExpectedType;MOVE;null
broadleaf-4.0.10-GA;broadleaf-4.0.11-GA;class dedal.impl.SignatureImpl getManagedNotifications;MOVE;null
broadleaf-4.0.10-GA;broadleaf-4.0.11-GA;class dedal.impl.SignatureImpl getManagedOperation;MOVE;null
broadleaf-4.0.10-GA;broadleaf-4.0.11-GA;class dedal.impl.SignatureImpl setDefaultDomain;MOVE;null
broadleaf-4.0.10-GA;broadleaf-4.0.11-GA;class dedal.impl.SignatureImpl getJavaCurrency;DELETE;false
broadleaf-4.0.10-GA;broadleaf-4.0.11-GA;class dedal.impl.SignatureImpl getJavaCurrency;DELETE;false
broadleaf-4.0.10-GA;broadleaf-4.0.11-GA;class dedal.impl.SignatureImpl getRemoveHostNode;MOVE;null
broadleaf-4.0.10-GA;broadleaf-4.0.11-GA;class dedal.impl.SignatureImpl getRemoveHostNode;MOVE;null
broadleaf-4.0.10-GA;broadleaf-4.0.11-GA;class dedal.impl.SignatureImpl getReplaceHostElement;MOVE;null
broadleaf-4.0.10-GA;broadleaf-4.0.11-GA;class dedal.impl.SignatureImpl getReplaceHostElement;MOVE;null
broadleaf-4.0.10-GA;broadleaf-4.0.11-GA;class dedal.impl.SignatureImpl checkNotInitialized;MOVE;null
broadleaf-4.0.10-GA;broadleaf-4.0.11-GA;class dedal.impl.SignatureImpl getResolvablePatterns;MOVE;null
broadleaf-4.0.10-GA;broadleaf-4.0.11-GA;class dedal.impl.SignatureImpl computeResourceName;MOVE;null
broadleaf-4.0.10-GA;broadleaf-4.0.11-GA;class dedal.impl.SignatureImpl computeResourceResolver;MOVE;null
broadleaf-4.0.10-GA;broadleaf-4.0.11-GA;class dedal.impl.SignatureImpl computeTemplateMode;MOVE;null
broadleaf-4.0.10-GA;broadleaf-4.0.11-GA;class dedal.impl.SignatureImpl computeCharacterEncoding;MOVE;null
broadleaf-4.0.10-GA;broadleaf-4.0.11-GA;class dedal.impl.SignatureImpl setResolvablePatterns;MOVE;null
broadleaf-4.0.10-GA;broadleaf-4.0.11-GA;class dedal.impl.SignatureImpl unsafeGetName;MOVE;null
broadleaf-4.0.10-GA;broadleaf-4.0.11-GA;class dedal.impl.SignatureImpl unsafeGetPrefix;MOVE;null
broadleaf-4.0.10-GA;broadleaf-4.0.11-GA;class dedal.impl.SignatureImpl setResourceResolver;MOVE;null
broadleaf-4.0.10-GA;broadleaf-4.0.11-GA;class dedal.impl.SignatureImpl setXmlTemplateModePatterns;MOVE;null
broadleaf-4.0.10-GA;broadleaf-4.0.11-GA;class dedal.impl.SignatureImpl getValidXmlTemplateModePatternSpec;MOVE;null
broadleaf-4.0.10-GA;broadleaf-4.0.11-GA;class dedal.impl.SignatureImpl setHtml5TemplateModePatterns;MOVE;null
broadleaf-4.0.10-GA;broadleaf-4.0.11-GA;class dedal.impl.SignatureImpl unsafeGetSuffix;MOVE;null
broadleaf-4.0.10-GA;broadleaf-4.0.11-GA;class dedal.impl.SignatureImpl setSuffix;MOVE;null
broadleaf-4.0.10-GA;broadleaf-4.0.11-GA;class dedal.impl.SignatureImpl setTemplateMode;MOVE;null
broadleaf-4.0.10-GA;broadleaf-4.0.11-GA;class dedal.impl.SignatureImpl getLegacyHtml5TemplateModePatterns;MOVE;null
broadleaf-4.0.10-GA;broadleaf-4.0.11-GA;class dedal.impl.SignatureImpl getValidXhtmlTemplateModePatterns;MOVE;null
broadleaf-4.0.10-GA;broadleaf-4.0.11-GA;class dedal.impl.SignatureImpl setCacheable;MOVE;null
broadleaf-4.0.10-GA;broadleaf-4.0.11-GA;class dedal.impl.SignatureImpl unsafeGetCharacterEncoding;MOVE;null
broadleaf-4.0.10-GA;broadleaf-4.0.11-GA;class dedal.impl.SignatureImpl unsafeGetCacheTTLMs;MOVE;null
broadleaf-4.0.10-GA;broadleaf-4.0.11-GA;class dedal.impl.SignatureImpl isCacheable;MOVE;null
broadleaf-4.0.10-GA;broadleaf-4.0.11-GA;class dedal.impl.SignatureImpl getCacheablePatterns;MOVE;null
broadleaf-4.0.10-GA;broadleaf-4.0.11-GA;class dedal.impl.SignatureImpl getHtml5TemplateModePatternSpec;MOVE;null
broadleaf-4.0.10-GA;broadleaf-4.0.11-GA;class dedal.impl.SignatureImpl setXhtmlTemplateModePatterns;MOVE;null
broadleaf-4.0.10-GA;broadleaf-4.0.11-GA;class dedal.impl.SignatureImpl unsafeIsCacheable;MOVE;null
broadleaf-4.0.10-GA;broadleaf-4.0.11-GA;class dedal.impl.SignatureImpl getValidXhtmlTemplateModePatternSpec;MOVE;null
broadleaf-4.0.10-GA;broadleaf-4.0.11-GA;class dedal.impl.SignatureImpl setCacheTTLMs;MOVE;null
broadleaf-4.0.10-GA;broadleaf-4.0.11-GA;class dedal.impl.SignatureImpl unsafeGetTemplateMode;MOVE;null
broadleaf-4.0.10-GA;broadleaf-4.0.11-GA;class dedal.impl.SignatureImpl getLegacyHtml5TemplateModePatternSpec;MOVE;null
broadleaf-4.0.10-GA;broadleaf-4.0.11-GA;class dedal.impl.SignatureImpl getNonCacheablePatterns;MOVE;null
broadleaf-4.0.10-GA;broadleaf-4.0.11-GA;class dedal.impl.SignatureImpl getXmlTemplateModePatterns;MOVE;null
broadleaf-4.0.10-GA;broadleaf-4.0.11-GA;class dedal.impl.SignatureImpl getXmlTemplateModePatternSpec;MOVE;null
broadleaf-4.0.10-GA;broadleaf-4.0.11-GA;class dedal.impl.SignatureImpl getTemplateMode;MOVE;null
broadleaf-4.0.10-GA;broadleaf-4.0.11-GA;class dedal.impl.SignatureImpl setLegacyHtml5TemplateModePatterns;MOVE;null
broadleaf-4.0.10-GA;broadleaf-4.0.11-GA;class dedal.impl.SignatureImpl getCacheTTLMs;MOVE;null
broadleaf-4.0.10-GA;broadleaf-4.0.11-GA;class dedal.impl.SignatureImpl addTemplateAlias;MOVE;null
broadleaf-4.0.10-GA;broadleaf-4.0.11-GA;class dedal.impl.SignatureImpl setValidXmlTemplateModePatterns;MOVE;null
broadleaf-4.0.10-GA;broadleaf-4.0.11-GA;class dedal.impl.SignatureImpl getCacheablePatternSpec;MOVE;null
broadleaf-4.0.10-GA;broadleaf-4.0.11-GA;class dedal.impl.SignatureImpl setValidXhtmlTemplateModePatterns;MOVE;null
broadleaf-4.0.10-GA;broadleaf-4.0.11-GA;class dedal.impl.SignatureImpl clearTemplateAliases;MOVE;null
broadleaf-4.0.10-GA;broadleaf-4.0.11-GA;class dedal.impl.SignatureImpl setCacheablePatterns;MOVE;null
broadleaf-4.0.10-GA;broadleaf-4.0.11-GA;class dedal.impl.SignatureImpl checkNotInitialized;MOVE;null
broadleaf-4.0.10-GA;broadleaf-4.0.11-GA;class dedal.impl.SignatureImpl getResolvablePatterns;MOVE;null
broadleaf-4.0.10-GA;broadleaf-4.0.11-GA;class dedal.impl.SignatureImpl computeResourceName;MOVE;null
broadleaf-4.0.10-GA;broadleaf-4.0.11-GA;class dedal.impl.SignatureImpl computeResourceResolver;MOVE;null
broadleaf-4.0.10-GA;broadleaf-4.0.11-GA;class dedal.impl.SignatureImpl computeTemplateMode;MOVE;null
broadleaf-4.0.10-GA;broadleaf-4.0.11-GA;class dedal.impl.SignatureImpl computeCharacterEncoding;MOVE;null
broadleaf-4.0.10-GA;broadleaf-4.0.11-GA;class dedal.impl.SignatureImpl setResolvablePatterns;MOVE;null
broadleaf-4.0.10-GA;broadleaf-4.0.11-GA;class dedal.impl.SignatureImpl unsafeGetName;MOVE;null
broadleaf-4.0.10-GA;broadleaf-4.0.11-GA;class dedal.impl.SignatureImpl unsafeGetPrefix;MOVE;null
broadleaf-4.0.10-GA;broadleaf-4.0.11-GA;class dedal.impl.SignatureImpl setResourceResolver;MOVE;null
broadleaf-4.0.10-GA;broadleaf-4.0.11-GA;class dedal.impl.SignatureImpl setXmlTemplateModePatterns;MOVE;null
broadleaf-4.0.10-GA;broadleaf-4.0.11-GA;class dedal.impl.SignatureImpl getValidXmlTemplateModePatternSpec;MOVE;null
broadleaf-4.0.10-GA;broadleaf-4.0.11-GA;class dedal.impl.SignatureImpl setHtml5TemplateModePatterns;MOVE;null
broadleaf-4.0.10-GA;broadleaf-4.0.11-GA;class dedal.impl.SignatureImpl unsafeGetSuffix;MOVE;null
broadleaf-4.0.10-GA;broadleaf-4.0.11-GA;class dedal.impl.SignatureImpl setSuffix;MOVE;null
broadleaf-4.0.10-GA;broadleaf-4.0.11-GA;class dedal.impl.SignatureImpl setTemplateMode;MOVE;null
broadleaf-4.0.10-GA;broadleaf-4.0.11-GA;class dedal.impl.SignatureImpl getLegacyHtml5TemplateModePatterns;MOVE;null
broadleaf-4.0.10-GA;broadleaf-4.0.11-GA;class dedal.impl.SignatureImpl getValidXhtmlTemplateModePatterns;MOVE;null
broadleaf-4.0.10-GA;broadleaf-4.0.11-GA;class dedal.impl.SignatureImpl setCacheable;MOVE;null
broadleaf-4.0.10-GA;broadleaf-4.0.11-GA;class dedal.impl.SignatureImpl unsafeGetCharacterEncoding;MOVE;null
broadleaf-4.0.10-GA;broadleaf-4.0.11-GA;class dedal.impl.SignatureImpl unsafeGetCacheTTLMs;MOVE;null
broadleaf-4.0.10-GA;broadleaf-4.0.11-GA;class dedal.impl.SignatureImpl isCacheable;MOVE;null
broadleaf-4.0.10-GA;broadleaf-4.0.11-GA;class dedal.impl.SignatureImpl getCacheablePatterns;MOVE;null
broadleaf-4.0.10-GA;broadleaf-4.0.11-GA;class dedal.impl.SignatureImpl getHtml5TemplateModePatternSpec;MOVE;null
broadleaf-4.0.10-GA;broadleaf-4.0.11-GA;class dedal.impl.SignatureImpl setXhtmlTemplateModePatterns;MOVE;null
broadleaf-4.0.10-GA;broadleaf-4.0.11-GA;class dedal.impl.SignatureImpl unsafeIsCacheable;MOVE;null
broadleaf-4.0.10-GA;broadleaf-4.0.11-GA;class dedal.impl.SignatureImpl getValidXhtmlTemplateModePatternSpec;MOVE;null
broadleaf-4.0.10-GA;broadleaf-4.0.11-GA;class dedal.impl.SignatureImpl setCacheTTLMs;MOVE;null
broadleaf-4.0.10-GA;broadleaf-4.0.11-GA;class dedal.impl.SignatureImpl unsafeGetTemplateMode;MOVE;null
broadleaf-4.0.10-GA;broadleaf-4.0.11-GA;class dedal.impl.SignatureImpl getLegacyHtml5TemplateModePatternSpec;MOVE;null
broadleaf-4.0.10-GA;broadleaf-4.0.11-GA;class dedal.impl.SignatureImpl getNonCacheablePatterns;MOVE;null
broadleaf-4.0.10-GA;broadleaf-4.0.11-GA;class dedal.impl.SignatureImpl getXmlTemplateModePatterns;MOVE;null
broadleaf-4.0.10-GA;broadleaf-4.0.11-GA;class dedal.impl.SignatureImpl getXmlTemplateModePatternSpec;MOVE;null
broadleaf-4.0.10-GA;broadleaf-4.0.11-GA;class dedal.impl.SignatureImpl getTemplateMode;MOVE;null
broadleaf-4.0.10-GA;broadleaf-4.0.11-GA;class dedal.impl.SignatureImpl setLegacyHtml5TemplateModePatterns;MOVE;null
broadleaf-4.0.10-GA;broadleaf-4.0.11-GA;class dedal.impl.SignatureImpl getCacheTTLMs;MOVE;null
broadleaf-4.0.10-GA;broadleaf-4.0.11-GA;class dedal.impl.SignatureImpl addTemplateAlias;MOVE;null
broadleaf-4.0.10-GA;broadleaf-4.0.11-GA;class dedal.impl.SignatureImpl setValidXmlTemplateModePatterns;MOVE;null
broadleaf-4.0.10-GA;broadleaf-4.0.11-GA;class dedal.impl.SignatureImpl getCacheablePatternSpec;MOVE;null
broadleaf-4.0.10-GA;broadleaf-4.0.11-GA;class dedal.impl.SignatureImpl setValidXhtmlTemplateModePatterns;MOVE;null
broadleaf-4.0.10-GA;broadleaf-4.0.11-GA;class dedal.impl.SignatureImpl clearTemplateAliases;MOVE;null
broadleaf-4.0.10-GA;broadleaf-4.0.11-GA;class dedal.impl.SignatureImpl setCacheablePatterns;MOVE;null
broadleaf-4.0.10-GA;broadleaf-4.0.11-GA;class dedal.impl.SignatureImpl getProcessors;MOVE;null
broadleaf-4.0.10-GA;broadleaf-4.0.11-GA;class dedal.impl.SignatureImpl getExecutionAttributes;MOVE;null
broadleaf-4.0.10-GA;broadleaf-4.0.11-GA;class dedal.impl.SignatureImpl getExpressionCache;MOVE;null
broadleaf-4.0.10-GA;broadleaf-4.0.11-GA;class dedal.impl.SignatureImpl clearAllCaches;MOVE;null
broadleaf-4.0.10-GA;broadleaf-4.0.11-GA;class dedal.impl.SignatureImpl getAllSpecificCacheNames;MOVE;null
broadleaf-4.0.10-GA;broadleaf-4.0.11-GA;class dedal.impl.SignatureImpl initializeFragmentCache;MOVE;null
broadleaf-4.0.10-GA;broadleaf-4.0.11-GA;class dedal.impl.SignatureImpl getExpressionCache;MOVE;null
broadleaf-4.0.10-GA;broadleaf-4.0.11-GA;class dedal.impl.SignatureImpl clearAllCaches;MOVE;null
broadleaf-4.0.10-GA;broadleaf-4.0.11-GA;class dedal.impl.SignatureImpl getAllSpecificCacheNames;MOVE;null
broadleaf-4.0.10-GA;broadleaf-4.0.11-GA;class dedal.impl.SignatureImpl initializeFragmentCache;MOVE;null
broadleaf-4.0.10-GA;broadleaf-4.0.11-GA;class dedal.impl.SignatureImpl getExpressionCache;MOVE;null
broadleaf-4.0.10-GA;broadleaf-4.0.11-GA;class dedal.impl.SignatureImpl clearAllCaches;MOVE;null
broadleaf-4.0.10-GA;broadleaf-4.0.11-GA;class dedal.impl.SignatureImpl getAllSpecificCacheNames;MOVE;null
broadleaf-4.0.10-GA;broadleaf-4.0.11-GA;class dedal.impl.SignatureImpl getMinIdle;MOVE;null
broadleaf-4.0.10-GA;broadleaf-4.0.11-GA;class dedal.impl.SignatureImpl setDefaultReadOnly;MOVE;null
broadleaf-4.0.10-GA;broadleaf-4.0.11-GA;class dedal.impl.SignatureImpl getMaxActive;MOVE;null
broadleaf-4.0.10-GA;broadleaf-4.0.11-GA;class dedal.impl.SignatureImpl getTestOnReturn;MOVE;null
broadleaf-4.0.10-GA;broadleaf-4.0.11-GA;class dedal.impl.SignatureImpl getDefaultAutoCommit;MOVE;null
broadleaf-4.0.10-GA;broadleaf-4.0.11-GA;class dedal.impl.SignatureImpl setDefaultAutoCommit;MOVE;null
broadleaf-4.0.10-GA;broadleaf-4.0.11-GA;class dedal.impl.SignatureImpl getDefaultReadOnly;MOVE;null
broadleaf-4.0.10-GA;broadleaf-4.0.11-GA;class dedal.impl.SignatureImpl getDefaultCatalog;MOVE;null
broadleaf-4.0.10-GA;broadleaf-4.0.11-GA;class dedal.impl.SignatureImpl getRemoveAbandonedTimeout;MOVE;null
broadleaf-4.0.10-GA;broadleaf-4.0.11-GA;class dedal.impl.SignatureImpl setRemoveAbandonedTimeout;MOVE;null
broadleaf-4.0.10-GA;broadleaf-4.0.11-GA;class dedal.impl.SignatureImpl getLogAbandoned;MOVE;null
broadleaf-4.0.10-GA;broadleaf-4.0.11-GA;class dedal.impl.SignatureImpl setLogAbandoned;MOVE;null
broadleaf-4.0.10-GA;broadleaf-4.0.11-GA;class dedal.impl.SignatureImpl addConnectionProperty;MOVE;null
broadleaf-4.0.10-GA;broadleaf-4.0.11-GA;class dedal.impl.SignatureImpl removeConnectionProperty;MOVE;null
broadleaf-4.0.10-GA;broadleaf-4.0.11-GA;class dedal.impl.SignatureImpl getMaxIdle;MOVE;null
broadleaf-4.0.10-GA;broadleaf-4.0.11-GA;class dedal.impl.SignatureImpl setTestWhileIdle;MOVE;null
broadleaf-4.0.10-GA;broadleaf-4.0.11-GA;class dedal.impl.SignatureImpl setMaxWait;MOVE;null
broadleaf-4.0.10-GA;broadleaf-4.0.11-GA;class dedal.impl.SignatureImpl getNumActive;MOVE;null
broadleaf-4.0.10-GA;broadleaf-4.0.11-GA;class dedal.impl.SignatureImpl setMinEvictableIdleTimeMillis;MOVE;null
broadleaf-4.0.10-GA;broadleaf-4.0.11-GA;class dedal.impl.SignatureImpl getNumIdle;MOVE;null
broadleaf-4.0.10-GA;broadleaf-4.0.11-GA;class dedal.impl.SignatureImpl getNumTestsPerEvictionRun;MOVE;null
broadleaf-4.0.10-GA;broadleaf-4.0.11-GA;class dedal.impl.SignatureImpl setMinIdle;MOVE;null
broadleaf-4.0.10-GA;broadleaf-4.0.11-GA;class dedal.impl.SignatureImpl getTestOnBorrow;MOVE;null
broadleaf-4.0.10-GA;broadleaf-4.0.11-GA;class dedal.impl.SignatureImpl setTestOnBorrow;MOVE;null
broadleaf-4.0.10-GA;broadleaf-4.0.11-GA;class dedal.impl.SignatureImpl setTimeBetweenEvictionRunsMillis;MOVE;null
broadleaf-4.0.10-GA;broadleaf-4.0.11-GA;class dedal.impl.SignatureImpl setMaxIdle;MOVE;null
broadleaf-4.0.10-GA;broadleaf-4.0.11-GA;class dedal.impl.SignatureImpl getTimeBetweenEvictionRunsMillis;MOVE;null
broadleaf-4.0.10-GA;broadleaf-4.0.11-GA;class dedal.impl.SignatureImpl setNumTestsPerEvictionRun;MOVE;null
broadleaf-4.0.10-GA;broadleaf-4.0.11-GA;class dedal.impl.SignatureImpl getArguments;MOVE;null
broadleaf-4.0.10-GA;broadleaf-4.0.11-GA;class dedal.impl.SignatureImpl setArguments;MOVE;null
broadleaf-4.0.10-GA;broadleaf-4.0.11-GA;class dedal.impl.SignatureImpl resolveClassName;MOVE;null
broadleaf-4.0.10-GA;broadleaf-4.0.11-GA;class dedal.impl.SignatureImpl getTargetObject;MOVE;null
broadleaf-4.0.10-GA;broadleaf-4.0.11-GA;class dedal.impl.SignatureImpl getTargetClass;MOVE;null
broadleaf-4.0.10-GA;broadleaf-4.0.11-GA;class dedal.impl.SignatureImpl findMatchingMethod;MOVE;null
broadleaf-4.0.10-GA;broadleaf-4.0.11-GA;class dedal.impl.SignatureImpl doFindMatchingMethod;MOVE;null
broadleaf-4.0.10-GA;broadleaf-4.0.11-GA;class dedal.impl.SignatureImpl getDefaultTypeConverter;MOVE;null
broadleaf-4.0.10-GA;broadleaf-4.0.11-GA;class dedal.impl.SignatureImpl setTargetBeanName;MOVE;null
broadleaf-4.0.10-GA;broadleaf-4.0.11-GA;class dedal.impl.SignatureImpl getJobDataMap;MOVE;null
broadleaf-4.0.10-GA;broadleaf-4.0.11-GA;class dedal.impl.SignatureImpl getJobClass;MOVE;null
broadleaf-4.0.10-GA;broadleaf-4.0.11-GA;class dedal.impl.SignatureImpl getJobBuilder;MOVE;null
broadleaf-4.0.10-GA;broadleaf-4.0.11-GA;class dedal.impl.ParameterImpl arg2;DELETE;true
broadleaf-4.0.10-GA;broadleaf-4.0.11-GA;class dedal.impl.SignatureImpl addApplicationListenerBean;MOVE;null
broadleaf-4.0.10-GA;broadleaf-4.0.11-GA;class dedal.impl.SignatureImpl multicastEvent;MOVE;null
broadleaf-4.0.10-GA;broadleaf-4.0.11-GA;class dedal.impl.SignatureImpl retrieveApplicationListeners;MOVE;null
broadleaf-4.0.10-GA;broadleaf-4.0.11-GA;class dedal.impl.SignatureImpl getApplicationListeners;MOVE;null
broadleaf-4.0.10-GA;broadleaf-4.0.11-GA;class dedal.impl.SignatureImpl setTaskExecutor;MOVE;null
broadleaf-4.0.10-GA;broadleaf-4.0.11-GA;class dedal.impl.ParameterImpl arg2;DELETE;true
broadleaf-4.0.10-GA;broadleaf-4.0.11-GA;class dedal.impl.SignatureImpl addApplicationListenerBean;MOVE;null
broadleaf-4.0.10-GA;broadleaf-4.0.11-GA;class dedal.impl.SignatureImpl multicastEvent;MOVE;null
broadleaf-4.0.10-GA;broadleaf-4.0.11-GA;class dedal.impl.SignatureImpl retrieveApplicationListeners;MOVE;null
broadleaf-4.0.10-GA;broadleaf-4.0.11-GA;class dedal.impl.SignatureImpl getApplicationListeners;MOVE;null
broadleaf-4.0.10-GA;broadleaf-4.0.11-GA;class dedal.impl.SignatureImpl setTaskExecutor;MOVE;null
broadleaf-4.0.10-GA;broadleaf-4.0.11-GA;class dedal.impl.SignatureImpl setConfigLocation;MOVE;null
broadleaf-4.0.10-GA;broadleaf-4.0.11-GA;class dedal.impl.SignatureImpl getResourceLoader;MOVE;null
broadleaf-4.0.10-GA;broadleaf-4.0.11-GA;class dedal.impl.SignatureImpl getProcessors;MOVE;null
broadleaf-4.0.10-GA;broadleaf-4.0.11-GA;class dedal.impl.SignatureImpl getExecutionAttributes;MOVE;null
broadleaf-4.0.10-GA;broadleaf-4.0.11-GA;class dedal.impl.SignatureImpl setAdditionalProcessors;MOVE;null
broadleaf-4.0.10-GA;broadleaf-4.0.11-GA;class dedal.impl.SignatureImpl getConversionService;MOVE;null
broadleaf-4.0.10-GA;broadleaf-4.0.11-GA;class dedal.impl.SignatureImpl getAdditionalDocTypeTranslations;MOVE;null
broadleaf-4.0.10-GA;broadleaf-4.0.11-GA;class dedal.impl.SignatureImpl getAdditionalDocTypeResolutionEntries;MOVE;null
broadleaf-4.0.10-GA;broadleaf-4.0.11-GA;class dedal.impl.SignatureImpl setConversionService;MOVE;null
broadleaf-4.0.10-GA;broadleaf-4.0.11-GA;class dedal.impl.SignatureImpl getAdditionalProcessors;MOVE;null
broadleaf-4.0.10-GA;broadleaf-4.0.11-GA;class dedal.impl.SignatureImpl createStandardProcessorsSet;MOVE;null
broadleaf-4.0.10-GA;broadleaf-4.0.11-GA;class dedal.impl.SignatureImpl setVariableRestrictions;MOVE;null
broadleaf-4.0.10-GA;broadleaf-4.0.11-GA;class dedal.impl.SignatureImpl computeAdditionalExpressionObjects;MOVE;null
broadleaf-4.0.10-GA;broadleaf-4.0.11-GA;class dedal.impl.SignatureImpl setVariableRestrictions;MOVE;null
broadleaf-4.0.10-GA;broadleaf-4.0.11-GA;class dedal.impl.SignatureImpl computeAdditionalExpressionObjects;MOVE;null
broadleaf-4.0.10-GA;broadleaf-4.0.11-GA;class dedal.impl.SignatureImpl getProcessors;MOVE;null
broadleaf-4.0.10-GA;broadleaf-4.0.11-GA;class dedal.impl.SignatureImpl getExecutionAttributes;MOVE;null
broadleaf-4.0.10-GA;broadleaf-4.0.11-GA;class dedal.impl.SignatureImpl getJpaPropertyMap;MOVE;null
broadleaf-4.0.10-GA;broadleaf-4.0.11-GA;class dedal.impl.SignatureImpl postProcessEntityManagerFactory;MOVE;null
broadleaf-4.0.10-GA;broadleaf-4.0.11-GA;class dedal.impl.SignatureImpl isShowSql;MOVE;null
broadleaf-4.0.10-GA;broadleaf-4.0.11-GA;class dedal.impl.SignatureImpl getSharedCacheMode;MOVE;null
broadleaf-4.0.10-GA;broadleaf-4.0.11-GA;class dedal.impl.SignatureImpl getManagedClassNames;MOVE;null
broadleaf-4.0.10-GA;broadleaf-4.0.11-GA;class dedal.impl.SignatureImpl getMappingFileNames;MOVE;null
broadleaf-4.0.10-GA;broadleaf-4.0.11-GA;class dedal.impl.SignatureImpl getValidationMode;MOVE;null
broadleaf-4.0.10-GA;broadleaf-4.0.11-GA;class dedal.impl.SignatureImpl getPersistenceProviderClassName;MOVE;null
broadleaf-4.0.10-GA;broadleaf-4.0.11-GA;class dedal.impl.SignatureImpl getPersistenceXMLSchemaVersion;MOVE;null
broadleaf-4.0.10-GA;broadleaf-4.0.11-GA;class dedal.impl.SignatureImpl getJtaDataSource;MOVE;null
broadleaf-4.0.10-GA;broadleaf-4.0.11-GA;class dedal.impl.SignatureImpl getNewTempClassLoader;MOVE;null
broadleaf-4.0.10-GA;broadleaf-4.0.11-GA;class dedal.impl.SignatureImpl setAcceptExisting;MOVE;null
broadleaf-4.0.10-GA;broadleaf-4.0.11-GA;class dedal.impl.SignatureImpl setAcceptExisting;MOVE;null
broadleaf-4.0.10-GA;broadleaf-4.0.11-GA;class dedal.impl.SignatureImpl obtainPersistenceUnitInfo;MOVE;null
broadleaf-4.0.10-GA;broadleaf-4.0.11-GA;class dedal.impl.SignatureImpl getPersistenceUnitInfo;MOVE;null
broadleaf-4.0.10-GA;broadleaf-4.0.11-GA;class dedal.impl.SignatureImpl setPersistenceXmlLocation;MOVE;null
broadleaf-4.0.10-GA;broadleaf-4.0.11-GA;class dedal.impl.SignatureImpl setSharedCacheMode;MOVE;null
broadleaf-4.0.10-GA;broadleaf-4.0.11-GA;class dedal.impl.SignatureImpl setDefaultPersistenceUnitName;MOVE;null
broadleaf-4.0.10-GA;broadleaf-4.0.11-GA;class dedal.impl.SignatureImpl determineDefaultPersistenceUnitRootUrl;MOVE;null
broadleaf-4.0.10-GA;broadleaf-4.0.11-GA;class dedal.impl.SignatureImpl setDefaultJtaDataSource;MOVE;null
broadleaf-4.0.10-GA;broadleaf-4.0.11-GA;class dedal.impl.SignatureImpl getPersistenceUnitPostProcessors;MOVE;null
broadleaf-4.0.10-GA;broadleaf-4.0.11-GA;class dedal.impl.SignatureImpl readPersistenceUnitInfos;MOVE;null
broadleaf-4.0.10-GA;broadleaf-4.0.11-GA;class dedal.impl.SignatureImpl getDataSourceLookup;MOVE;null
broadleaf-4.0.10-GA;broadleaf-4.0.11-GA;class dedal.impl.SignatureImpl matchesFilter;MOVE;null
broadleaf-4.0.10-GA;broadleaf-4.0.11-GA;class dedal.impl.SignatureImpl useOrmXmlForDefaultPersistenceUnit;MOVE;null
broadleaf-4.0.10-GA;broadleaf-4.0.11-GA;class dedal.impl.SignatureImpl buildDefaultPersistenceUnitInfo;MOVE;null
broadleaf-4.0.10-GA;broadleaf-4.0.11-GA;class dedal.impl.SignatureImpl setValidationMode;MOVE;null
broadleaf-4.0.10-GA;broadleaf-4.0.11-GA;class dedal.impl.SignatureImpl setDefaultPersistenceUnitRootLocation;MOVE;null
broadleaf-4.0.10-GA;broadleaf-4.0.11-GA;class dedal.impl.SignatureImpl preparePersistenceUnitInfos;MOVE;null
broadleaf-4.0.10-GA;broadleaf-4.0.11-GA;class dedal.impl.SignatureImpl postProcessPersistenceUnitInfo;MOVE;null
broadleaf-4.0.10-GA;broadleaf-4.0.11-GA;class dedal.impl.SignatureImpl isPersistenceUnitOverrideAllowed;MOVE;null
broadleaf-4.0.10-GA;broadleaf-4.0.11-GA;class dedal.impl.SignatureImpl setDefaultDataSource;MOVE;null
broadleaf-4.0.10-GA;broadleaf-4.0.11-GA;class dedal.impl.SignatureImpl obtainPersistenceUnitInfo;MOVE;null
broadleaf-4.0.10-GA;broadleaf-4.0.11-GA;class dedal.impl.SignatureImpl getPersistenceUnitInfo;MOVE;null
broadleaf-4.0.10-GA;broadleaf-4.0.11-GA;class dedal.impl.SignatureImpl setPersistenceXmlLocation;MOVE;null
broadleaf-4.0.10-GA;broadleaf-4.0.11-GA;class dedal.impl.SignatureImpl setSharedCacheMode;MOVE;null
broadleaf-4.0.10-GA;broadleaf-4.0.11-GA;class dedal.impl.SignatureImpl setDefaultPersistenceUnitName;MOVE;null
broadleaf-4.0.10-GA;broadleaf-4.0.11-GA;class dedal.impl.SignatureImpl determineDefaultPersistenceUnitRootUrl;MOVE;null
broadleaf-4.0.10-GA;broadleaf-4.0.11-GA;class dedal.impl.SignatureImpl setDefaultJtaDataSource;MOVE;null
broadleaf-4.0.10-GA;broadleaf-4.0.11-GA;class dedal.impl.SignatureImpl getPersistenceUnitPostProcessors;MOVE;null
broadleaf-4.0.10-GA;broadleaf-4.0.11-GA;class dedal.impl.SignatureImpl readPersistenceUnitInfos;MOVE;null
broadleaf-4.0.10-GA;broadleaf-4.0.11-GA;class dedal.impl.SignatureImpl getDataSourceLookup;MOVE;null
broadleaf-4.0.10-GA;broadleaf-4.0.11-GA;class dedal.impl.SignatureImpl matchesFilter;MOVE;null
broadleaf-4.0.10-GA;broadleaf-4.0.11-GA;class dedal.impl.SignatureImpl useOrmXmlForDefaultPersistenceUnit;MOVE;null
broadleaf-4.0.10-GA;broadleaf-4.0.11-GA;class dedal.impl.SignatureImpl buildDefaultPersistenceUnitInfo;MOVE;null
broadleaf-4.0.10-GA;broadleaf-4.0.11-GA;class dedal.impl.SignatureImpl setValidationMode;MOVE;null
broadleaf-4.0.10-GA;broadleaf-4.0.11-GA;class dedal.impl.SignatureImpl setDefaultPersistenceUnitRootLocation;MOVE;null
broadleaf-4.0.10-GA;broadleaf-4.0.11-GA;class dedal.impl.SignatureImpl preparePersistenceUnitInfos;MOVE;null
broadleaf-4.0.10-GA;broadleaf-4.0.11-GA;class dedal.impl.SignatureImpl postProcessPersistenceUnitInfo;MOVE;null
broadleaf-4.0.10-GA;broadleaf-4.0.11-GA;class dedal.impl.SignatureImpl isPersistenceUnitOverrideAllowed;MOVE;null
broadleaf-4.0.10-GA;broadleaf-4.0.11-GA;class dedal.impl.SignatureImpl setDefaultDataSource;MOVE;null
broadleaf-4.0.10-GA;broadleaf-4.0.11-GA;class dedal.impl.SignatureImpl supportsEvent;null;null
broadleaf-4.0.10-GA;broadleaf-4.0.11-GA;class dedal.impl.SignatureImpl supportsEvent;null;null
broadleaf-4.0.10-GA;broadleaf-4.0.11-GA;class dedal.impl.InterfaceTypeImpl IListFactoryBean;null;null
broadleaf-4.0.10-GA;broadleaf-4.0.11-GA;class dedal.impl.InterfaceTypeImpl IMapFactoryBean;null;null
broadleaf-4.0.10-GA;broadleaf-4.0.11-GA;class dedal.impl.InterfaceTypeImpl ISharedEntityManagerBean;null;null
broadleaf-4.0.10-GA;broadleaf-4.0.11-GA;class dedal.impl.InterfaceTypeImpl IEntityManagerFactory;null;null
broadleaf-4.0.10-GA;broadleaf-4.0.11-GA;class dedal.impl.InterfaceTypeImpl IReloadableResourceBundleMessageSource;null;null
broadleaf-4.0.10-GA;broadleaf-4.0.11-GA;class dedal.impl.InterfaceTypeImpl IBroadleafMergeResourceBundleMessageSource;null;null
broadleaf-4.0.10-GA;broadleaf-4.0.11-GA;class dedal.impl.InterfaceTypeImpl IEhCacheCacheManager;null;null
broadleaf-4.0.10-GA;broadleaf-4.0.11-GA;class dedal.impl.InterfaceTypeImpl ICacheManager;null;false
broadleaf-4.0.10-GA;broadleaf-4.0.11-GA;class dedal.impl.InterfaceTypeImpl IResourceHttpRequestHandler;null;null
broadleaf-4.0.10-GA;broadleaf-4.0.11-GA;class dedal.impl.InterfaceTypeImpl IBroadleafResourceHttpRequestHandler;null;null
broadleaf-4.0.10-GA;broadleaf-4.0.11-GA;class dedal.impl.InterfaceTypeImpl ISortedListFactoryBean;null;null
broadleaf-4.0.10-GA;broadleaf-4.0.11-GA;class dedal.impl.InterfaceTypeImpl IRequestMappingHandlerMapping;null;null
broadleaf-4.0.10-GA;broadleaf-4.0.11-GA;class dedal.impl.InterfaceTypeImpl ISetFactoryBean;null;null
broadleaf-4.0.10-GA;broadleaf-4.0.11-GA;class dedal.impl.InterfaceTypeImpl IAbstractDialect;null;null
broadleaf-4.0.10-GA;broadleaf-4.0.11-GA;class dedal.impl.InterfaceTypeImpl IBLCAdminDialect;null;null
broadleaf-4.0.10-GA;broadleaf-4.0.11-GA;class dedal.impl.InterfaceTypeImpl IServletContextTemplateResolver;null;null
broadleaf-4.0.10-GA;broadleaf-4.0.11-GA;class dedal.impl.InterfaceTypeImpl IClassLoaderTemplateResolver;null;null
broadleaf-4.0.10-GA;broadleaf-4.0.11-GA;class dedal.impl.InterfaceTypeImpl IAbstractMessageResolver;null;null
broadleaf-4.0.10-GA;broadleaf-4.0.11-GA;class dedal.impl.InterfaceTypeImpl IBroadleafThymeleafMessageResolver;null;null
broadleaf-4.0.10-GA;broadleaf-4.0.11-GA;class dedal.impl.InterfaceTypeImpl ISpringTemplateEngine;null;null
broadleaf-4.0.10-GA;broadleaf-4.0.11-GA;class dedal.impl.InterfaceTypeImpl ISpringMessageResolver;null;null
broadleaf-4.0.10-GA;broadleaf-4.0.11-GA;class dedal.impl.InterfaceTypeImpl ILocalContainerEntityManagerFactoryBean;null;null
broadleaf-4.0.10-GA;broadleaf-4.0.11-GA;class dedal.impl.InterfaceTypeImpl IJpaVendorAdapter;null;null
broadleaf-4.0.10-GA;broadleaf-4.0.11-GA;class dedal.impl.InterfaceTypeImpl IPersistenceUnitManager;null;null
broadleaf-4.0.10-GA;broadleaf-4.0.11-GA;class dedal.impl.InterfaceTypeImpl IJpaTransactionManager;null;null
broadleaf-4.0.10-GA;broadleaf-4.0.11-GA;class dedal.impl.InterfaceTypeImpl ICommonsMultipartResolver;null;null
broadleaf-4.0.10-GA;broadleaf-4.0.11-GA;class dedal.impl.InterfaceTypeImpl IAnnotationJmxAttributeSource;null;null
broadleaf-4.0.10-GA;broadleaf-4.0.11-GA;class dedal.impl.InterfaceTypeImpl IMBeanExporter;null;null
broadleaf-4.0.10-GA;broadleaf-4.0.11-GA;class dedal.impl.InterfaceTypeImpl IMetadataMBeanInfoAssembler;null;null
broadleaf-4.0.10-GA;broadleaf-4.0.11-GA;class dedal.impl.InterfaceTypeImpl IStatisticsService;null;null
broadleaf-4.0.10-GA;broadleaf-4.0.11-GA;class dedal.impl.InterfaceTypeImpl IJndiObjectFactoryBean;null;null
broadleaf-4.0.10-GA;broadleaf-4.0.11-GA;class dedal.impl.InterfaceTypeImpl IJmxAttributeSource;null;null
broadleaf-4.0.10-GA;broadleaf-4.0.11-GA;class dedal.impl.InterfaceTypeImpl IMetadataNamingStrategy;null;null
broadleaf-4.0.10-GA;broadleaf-4.0.11-GA;class dedal.impl.InterfaceTypeImpl IBroadleafCurrency;null;false
broadleaf-4.0.10-GA;broadleaf-4.0.11-GA;class dedal.impl.InterfaceTypeImpl IBroadleafCurrencyImpl;null;false
broadleaf-4.0.10-GA;broadleaf-4.0.11-GA;class dedal.impl.InterfaceTypeImpl IAbstractFragmentHandlingElementProcessor;null;null
broadleaf-4.0.10-GA;broadleaf-4.0.11-GA;class dedal.impl.InterfaceTypeImpl IHeadProcessor;null;null
broadleaf-4.0.10-GA;broadleaf-4.0.11-GA;class dedal.impl.InterfaceTypeImpl IAbstractTextChildModifierAttrProcessor;null;null
broadleaf-4.0.10-GA;broadleaf-4.0.11-GA;class dedal.impl.InterfaceTypeImpl IPriceTextDisplayProcessor;null;null
broadleaf-4.0.10-GA;broadleaf-4.0.11-GA;class dedal.impl.InterfaceTypeImpl ITemplateResolver;null;null
broadleaf-4.0.10-GA;broadleaf-4.0.11-GA;class dedal.impl.InterfaceTypeImpl IDatabaseTemplateResolver;null;null
broadleaf-4.0.10-GA;broadleaf-4.0.11-GA;class dedal.impl.InterfaceTypeImpl ILayoutDialect;null;null
broadleaf-4.0.10-GA;broadleaf-4.0.11-GA;class dedal.impl.InterfaceTypeImpl IAbstractCacheManager;null;null
broadleaf-4.0.10-GA;broadleaf-4.0.11-GA;class dedal.impl.InterfaceTypeImpl IBLCICacheManager;null;null
broadleaf-4.0.10-GA;broadleaf-4.0.11-GA;class dedal.impl.InterfaceTypeImpl IICacheManager;null;null
broadleaf-4.0.10-GA;broadleaf-4.0.11-GA;class dedal.impl.InterfaceTypeImpl IBasicDataSource;null;null
broadleaf-4.0.10-GA;broadleaf-4.0.11-GA;class dedal.impl.InterfaceTypeImpl IMethodInvokingJobDetailFactoryBean;null;null
broadleaf-4.0.10-GA;broadleaf-4.0.11-GA;class dedal.impl.InterfaceTypeImpl ISimpleTriggerFactoryBean;null;null
broadleaf-4.0.10-GA;broadleaf-4.0.11-GA;class dedal.impl.InterfaceTypeImpl IJobDetail;null;null
broadleaf-4.0.10-GA;broadleaf-4.0.11-GA;class dedal.impl.InterfaceTypeImpl ISimpleApplicationEventMulticaster;null;null
broadleaf-4.0.10-GA;broadleaf-4.0.11-GA;class dedal.impl.InterfaceTypeImpl IBroadleafApplicationEventMulticaster;null;null
broadleaf-4.0.10-GA;broadleaf-4.0.11-GA;class dedal.impl.InterfaceTypeImpl IVelocityEngineFactoryBean;null;null
broadleaf-4.0.10-GA;broadleaf-4.0.11-GA;class dedal.impl.InterfaceTypeImpl ISpringStandardDialect;null;null
broadleaf-4.0.10-GA;broadleaf-4.0.11-GA;class dedal.impl.InterfaceTypeImpl ISpelVariableExpressionEvaluator;null;null
broadleaf-4.0.10-GA;broadleaf-4.0.11-GA;class dedal.impl.InterfaceTypeImpl IBroadleafVariableExpressionEvaluator;null;null
broadleaf-4.0.10-GA;broadleaf-4.0.11-GA;class dedal.impl.InterfaceTypeImpl IBLCDialect;null;null
broadleaf-4.0.10-GA;broadleaf-4.0.11-GA;class dedal.impl.InterfaceTypeImpl IHibernateJpaVendorAdapter;null;null
broadleaf-4.0.10-GA;broadleaf-4.0.11-GA;class dedal.impl.InterfaceTypeImpl IPersistenceUnitInfo;null;null
broadleaf-4.0.10-GA;broadleaf-4.0.11-GA;class dedal.impl.InterfaceTypeImpl IEhCacheManagerFactoryBean;null;null
broadleaf-4.0.10-GA;broadleaf-4.0.11-GA;class dedal.impl.InterfaceTypeImpl IMergeEhCacheManagerFactoryBean;null;null
broadleaf-4.0.10-GA;broadleaf-4.0.11-GA;class dedal.impl.InterfaceTypeImpl IDefaultPersistenceUnitManager;null;null
broadleaf-4.0.10-GA;broadleaf-4.0.11-GA;class dedal.impl.InterfaceTypeImpl IMergePersistenceUnitManager;null;null
broadleaf-4.0.10-GA;broadleaf-4.0.11-GA;class dedal.impl.InterfaceTypeImpl ISimpleApplicationEventMulticaster;null;null
broadleaf-4.0.10-GA;broadleaf-4.0.11-GA;class dedal.impl.InterfaceTypeImpl IBroadleafApplicationEventMulticaster;null;null
broadleaf-4.0.10-GA;broadleaf-4.0.11-GA;class dedal.impl.InterfaceImpl org_springframework_beans_factory_config_ListFactoryBean_provIListFactoryBean;null;null
broadleaf-4.0.10-GA;broadleaf-4.0.11-GA;class dedal.impl.InterfaceImpl org_springframework_beans_factory_config_MapFactoryBean_provIMapFactoryBean;null;null
broadleaf-4.0.10-GA;broadleaf-4.0.11-GA;class dedal.impl.InterfaceImpl org_springframework_orm_jpa_support_SharedEntityManagerBean_provISharedEntityManagerBean;null;null
broadleaf-4.0.10-GA;broadleaf-4.0.11-GA;class dedal.impl.InterfaceImpl org_springframework_orm_jpa_support_SharedEntityManagerBean_entityManagerFactory;null;null
broadleaf-4.0.10-GA;broadleaf-4.0.11-GA;class dedal.impl.InterfaceImpl org_broadleafcommerce_common_util_BroadleafMergeResourceBundleMessageSource_provIReloadableResourceBundleMessageSource;null;null
broadleaf-4.0.10-GA;broadleaf-4.0.11-GA;class dedal.impl.InterfaceImpl org_broadleafcommerce_common_util_BroadleafMergeResourceBundleMessageSource_provIBroadleafMergeResourceBundleMessageSource;null;null
broadleaf-4.0.10-GA;broadleaf-4.0.11-GA;class dedal.impl.InterfaceImpl org_springframework_cache_ehcache_EhCacheCacheManager_provIEhCacheCacheManager;null;null
broadleaf-4.0.10-GA;broadleaf-4.0.11-GA;class dedal.impl.InterfaceImpl org_springframework_cache_ehcache_EhCacheCacheManager_cacheManager;null;false
broadleaf-4.0.10-GA;broadleaf-4.0.11-GA;class dedal.impl.InterfaceImpl org_broadleafcommerce_common_web_resource_BroadleafResourceHttpRequestHandler_provIResourceHttpRequestHandler;null;null
broadleaf-4.0.10-GA;broadleaf-4.0.11-GA;class dedal.impl.InterfaceImpl org_broadleafcommerce_common_web_resource_BroadleafResourceHttpRequestHandler_provIBroadleafResourceHttpRequestHandler;null;null
broadleaf-4.0.10-GA;broadleaf-4.0.11-GA;class dedal.impl.InterfaceImpl org_broadleafcommerce_common_util_SortedListFactoryBean_provISortedListFactoryBean;null;null
broadleaf-4.0.10-GA;broadleaf-4.0.11-GA;class dedal.impl.InterfaceImpl org_springframework_web_servlet_mvc_method_annotation_RequestMappingHandlerMapping_provIRequestMappingHandlerMapping;null;null
broadleaf-4.0.10-GA;broadleaf-4.0.11-GA;class dedal.impl.InterfaceImpl org_springframework_beans_factory_config_SetFactoryBean_provISetFactoryBean;null;null
broadleaf-4.0.10-GA;broadleaf-4.0.11-GA;class dedal.impl.InterfaceImpl org_broadleafcommerce_common_web_dialect_BLCAdminDialect_provIAbstractDialect;null;null
broadleaf-4.0.10-GA;broadleaf-4.0.11-GA;class dedal.impl.InterfaceImpl org_broadleafcommerce_common_web_dialect_BLCAdminDialect_provIBLCAdminDialect;null;null
broadleaf-4.0.10-GA;broadleaf-4.0.11-GA;class dedal.impl.InterfaceImpl org_thymeleaf_templateresolver_ServletContextTemplateResolver_provIServletContextTemplateResolver;null;null
broadleaf-4.0.10-GA;broadleaf-4.0.11-GA;class dedal.impl.InterfaceImpl org_thymeleaf_templateresolver_ClassLoaderTemplateResolver_provIClassLoaderTemplateResolver;null;null
broadleaf-4.0.10-GA;broadleaf-4.0.11-GA;class dedal.impl.InterfaceImpl org_broadleafcommerce_common_web_BroadleafThymeleafMessageResolver_provIAbstractMessageResolver;null;null
broadleaf-4.0.10-GA;broadleaf-4.0.11-GA;class dedal.impl.InterfaceImpl org_broadleafcommerce_common_web_BroadleafThymeleafMessageResolver_provIBroadleafThymeleafMessageResolver;null;null
broadleaf-4.0.10-GA;broadleaf-4.0.11-GA;class dedal.impl.InterfaceImpl org_thymeleaf_spring4_SpringTemplateEngine_provISpringTemplateEngine;null;null
broadleaf-4.0.10-GA;broadleaf-4.0.11-GA;class dedal.impl.InterfaceImpl org_thymeleaf_spring4_messageresolver_SpringMessageResolver_provISpringMessageResolver;null;null
broadleaf-4.0.10-GA;broadleaf-4.0.11-GA;class dedal.impl.InterfaceImpl org_springframework_orm_jpa_LocalContainerEntityManagerFactoryBean_provILocalContainerEntityManagerFactoryBean;null;null
broadleaf-4.0.10-GA;broadleaf-4.0.11-GA;class dedal.impl.InterfaceImpl org_springframework_orm_jpa_LocalContainerEntityManagerFactoryBean_jpaVendorAdapter;null;null
broadleaf-4.0.10-GA;broadleaf-4.0.11-GA;class dedal.impl.InterfaceImpl org_springframework_orm_jpa_LocalContainerEntityManagerFactoryBean_persistenceUnitManager;null;null
broadleaf-4.0.10-GA;broadleaf-4.0.11-GA;class dedal.impl.InterfaceImpl org_springframework_orm_jpa_JpaTransactionManager_provIJpaTransactionManager;null;null
broadleaf-4.0.10-GA;broadleaf-4.0.11-GA;class dedal.impl.InterfaceImpl org_springframework_web_multipart_commons_CommonsMultipartResolver_provICommonsMultipartResolver;null;null
broadleaf-4.0.10-GA;broadleaf-4.0.11-GA;class dedal.impl.InterfaceImpl org_springframework_jmx_export_annotation_AnnotationJmxAttributeSource_provIAnnotationJmxAttributeSource;null;null
broadleaf-4.0.10-GA;broadleaf-4.0.11-GA;class dedal.impl.InterfaceImpl org_springframework_jmx_export_MBeanExporter_provIMBeanExporter;null;null
broadleaf-4.0.10-GA;broadleaf-4.0.11-GA;class dedal.impl.InterfaceImpl org_broadleafcommerce_common_jmx_MetadataMBeanInfoAssembler_provIMetadataMBeanInfoAssembler;null;null
broadleaf-4.0.10-GA;broadleaf-4.0.11-GA;class dedal.impl.InterfaceImpl org_hibernate_jmx_StatisticsService_provIStatisticsService;null;null
broadleaf-4.0.10-GA;broadleaf-4.0.11-GA;class dedal.impl.InterfaceImpl org_springframework_jndi_JndiObjectFactoryBean_provIJndiObjectFactoryBean;null;null
broadleaf-4.0.10-GA;broadleaf-4.0.11-GA;class dedal.impl.InterfaceImpl org_broadleafcommerce_common_jmx_MetadataNamingStrategy_attributeSource;null;null
broadleaf-4.0.10-GA;broadleaf-4.0.11-GA;class dedal.impl.InterfaceImpl org_broadleafcommerce_common_jmx_MetadataNamingStrategy_provIMetadataNamingStrategy;null;null
broadleaf-4.0.10-GA;broadleaf-4.0.11-GA;class dedal.impl.InterfaceImpl org_broadleafcommerce_common_currency_domain_BroadleafCurrencyImpl_provIBroadleafCurrency;null;false
broadleaf-4.0.10-GA;broadleaf-4.0.11-GA;class dedal.impl.InterfaceImpl org_broadleafcommerce_common_currency_domain_BroadleafCurrencyImpl_provIBroadleafCurrencyImpl;null;false
broadleaf-4.0.10-GA;broadleaf-4.0.11-GA;class dedal.impl.InterfaceImpl org_broadleafcommerce_core_web_processor_HeadProcessor_provIAbstractFragmentHandlingElementProcessor;null;null
broadleaf-4.0.10-GA;broadleaf-4.0.11-GA;class dedal.impl.InterfaceImpl org_broadleafcommerce_core_web_processor_HeadProcessor_provIHeadProcessor;null;null
broadleaf-4.0.10-GA;broadleaf-4.0.11-GA;class dedal.impl.InterfaceImpl org_broadleafcommerce_core_web_processor_PriceTextDisplayProcessor_provIAbstractTextChildModifierAttrProcessor;null;null
broadleaf-4.0.10-GA;broadleaf-4.0.11-GA;class dedal.impl.InterfaceImpl org_broadleafcommerce_core_web_processor_PriceTextDisplayProcessor_provIPriceTextDisplayProcessor;null;null
broadleaf-4.0.10-GA;broadleaf-4.0.11-GA;class dedal.impl.InterfaceImpl org_broadleafcommerce_core_web_resolver_DatabaseTemplateResolver_provITemplateResolver;null;null
broadleaf-4.0.10-GA;broadleaf-4.0.11-GA;class dedal.impl.InterfaceImpl org_broadleafcommerce_core_web_resolver_DatabaseTemplateResolver_provIDatabaseTemplateResolver;null;null
broadleaf-4.0.10-GA;broadleaf-4.0.11-GA;class dedal.impl.InterfaceImpl nz_net_ultraq_thymeleaf_LayoutDialect_provILayoutDialect;null;null
broadleaf-4.0.10-GA;broadleaf-4.0.11-GA;class dedal.impl.InterfaceImpl org_broadleafcommerce_core_web_cache_BLCICacheManager_provIAbstractCacheManager;null;null
broadleaf-4.0.10-GA;broadleaf-4.0.11-GA;class dedal.impl.InterfaceImpl org_broadleafcommerce_core_web_cache_BLCICacheManager_provIBLCICacheManager;null;null
broadleaf-4.0.10-GA;broadleaf-4.0.11-GA;class dedal.impl.InterfaceImpl blWebTemplateEngine_cacheManager_inst;null;null
broadleaf-4.0.10-GA;broadleaf-4.0.11-GA;class dedal.impl.InterfaceImpl org_apache_commons_dbcp_BasicDataSource_provIBasicDataSource;null;null
broadleaf-4.0.10-GA;broadleaf-4.0.11-GA;class dedal.impl.InterfaceImpl org_springframework_scheduling_quartz_MethodInvokingJobDetailFactoryBean_provIMethodInvokingJobDetailFactoryBean;null;null
broadleaf-4.0.10-GA;broadleaf-4.0.11-GA;class dedal.impl.InterfaceImpl org_springframework_scheduling_quartz_SimpleTriggerFactoryBean_provISimpleTriggerFactoryBean;null;null
broadleaf-4.0.10-GA;broadleaf-4.0.11-GA;class dedal.impl.InterfaceImpl org_springframework_scheduling_quartz_SimpleTriggerFactoryBean_jobDetail;null;null
broadleaf-4.0.10-GA;broadleaf-4.0.11-GA;class dedal.impl.InterfaceImpl org_broadleafcommerce_common_event_BroadleafApplicationEventMulticaster_provISimpleApplicationEventMulticaster;null;null
broadleaf-4.0.10-GA;broadleaf-4.0.11-GA;class dedal.impl.InterfaceImpl org_broadleafcommerce_common_event_BroadleafApplicationEventMulticaster_provIBroadleafApplicationEventMulticaster;null;null
broadleaf-4.0.10-GA;broadleaf-4.0.11-GA;class dedal.impl.InterfaceImpl org_springframework_ui_velocity_VelocityEngineFactoryBean_provIVelocityEngineFactoryBean;null;null
broadleaf-4.0.10-GA;broadleaf-4.0.11-GA;class dedal.impl.InterfaceImpl org_thymeleaf_spring4_dialect_SpringStandardDialect_provISpringStandardDialect;null;null
broadleaf-4.0.10-GA;broadleaf-4.0.11-GA;class dedal.impl.InterfaceImpl org_broadleafcommerce_common_web_expression_BroadleafVariableExpressionEvaluator_provISpelVariableExpressionEvaluator;null;null
broadleaf-4.0.10-GA;broadleaf-4.0.11-GA;class dedal.impl.InterfaceImpl org_broadleafcommerce_common_web_expression_BroadleafVariableExpressionEvaluator_provIBroadleafVariableExpressionEvaluator;null;null
broadleaf-4.0.10-GA;broadleaf-4.0.11-GA;class dedal.impl.InterfaceImpl org_broadleafcommerce_common_web_dialect_BLCDialect_provIBLCDialect;null;null
broadleaf-4.0.10-GA;broadleaf-4.0.11-GA;class dedal.impl.InterfaceImpl org_springframework_orm_jpa_vendor_HibernateJpaVendorAdapter_provIHibernateJpaVendorAdapter;null;null
broadleaf-4.0.10-GA;broadleaf-4.0.11-GA;class dedal.impl.InterfaceImpl org_broadleafcommerce_common_util_dao_EJB3ConfigurationDaoImpl_persistenceUnitInfo;null;null
broadleaf-4.0.10-GA;broadleaf-4.0.11-GA;class dedal.impl.InterfaceImpl org_broadleafcommerce_common_extensibility_cache_ehcache_MergeEhCacheManagerFactoryBean_provIEhCacheManagerFactoryBean;null;null
broadleaf-4.0.10-GA;broadleaf-4.0.11-GA;class dedal.impl.InterfaceImpl org_broadleafcommerce_common_extensibility_cache_ehcache_MergeEhCacheManagerFactoryBean_provIMergeEhCacheManagerFactoryBean;null;null
broadleaf-4.0.10-GA;broadleaf-4.0.11-GA;class dedal.impl.InterfaceImpl org_broadleafcommerce_common_extensibility_jpa_MergePersistenceUnitManager_provIDefaultPersistenceUnitManager;null;null
broadleaf-4.0.10-GA;broadleaf-4.0.11-GA;class dedal.impl.InterfaceImpl org_broadleafcommerce_common_extensibility_jpa_MergePersistenceUnitManager_provIMergePersistenceUnitManager;null;null
broadleaf-4.0.10-GA;broadleaf-4.0.11-GA;class dedal.impl.InterfaceImpl org_broadleafcommerce_common_event_BroadleafApplicationEventMulticaster_provISimpleApplicationEventMulticaster;null;null
broadleaf-4.0.10-GA;broadleaf-4.0.11-GA;class dedal.impl.InterfaceImpl org_broadleafcommerce_common_event_BroadleafApplicationEventMulticaster_provIBroadleafApplicationEventMulticaster;null;null
broadleaf-4.0.10-GA;broadleaf-4.0.11-GA;class dedal.impl.CompClassImpl "org.springframework.beans.factory.config.ListFactoryBean";null;null
broadleaf-4.0.10-GA;broadleaf-4.0.11-GA;class dedal.impl.CompClassImpl "org.springframework.beans.factory.config.MapFactoryBean";null;null
broadleaf-4.0.10-GA;broadleaf-4.0.11-GA;class dedal.impl.CompClassImpl "org.springframework.orm.jpa.support.SharedEntityManagerBean";null;null
broadleaf-4.0.10-GA;broadleaf-4.0.11-GA;class dedal.impl.CompClassImpl "org.broadleafcommerce.common.util.BroadleafMergeResourceBundleMessageSource";null;null
broadleaf-4.0.10-GA;broadleaf-4.0.11-GA;class dedal.impl.CompClassImpl "org.springframework.cache.ehcache.EhCacheCacheManager";null;false
broadleaf-4.0.10-GA;broadleaf-4.0.11-GA;class dedal.impl.CompClassImpl "org.broadleafcommerce.common.web.resource.BroadleafResourceHttpRequestHandler";null;null
broadleaf-4.0.10-GA;broadleaf-4.0.11-GA;class dedal.impl.CompClassImpl "org.broadleafcommerce.common.util.SortedListFactoryBean";null;null
broadleaf-4.0.10-GA;broadleaf-4.0.11-GA;class dedal.impl.CompClassImpl "org.springframework.web.servlet.mvc.method.annotation.RequestMappingHandlerMapping";null;null
broadleaf-4.0.10-GA;broadleaf-4.0.11-GA;class dedal.impl.CompClassImpl "org.springframework.beans.factory.config.SetFactoryBean";null;null
broadleaf-4.0.10-GA;broadleaf-4.0.11-GA;class dedal.impl.CompClassImpl "org.broadleafcommerce.common.web.dialect.BLCAdminDialect";null;null
broadleaf-4.0.10-GA;broadleaf-4.0.11-GA;class dedal.impl.CompClassImpl "org.thymeleaf.templateresolver.ServletContextTemplateResolver";null;null
broadleaf-4.0.10-GA;broadleaf-4.0.11-GA;class dedal.impl.CompClassImpl "org.thymeleaf.templateresolver.ClassLoaderTemplateResolver";null;null
broadleaf-4.0.10-GA;broadleaf-4.0.11-GA;class dedal.impl.CompClassImpl "org.broadleafcommerce.common.web.BroadleafThymeleafMessageResolver";null;null
broadleaf-4.0.10-GA;broadleaf-4.0.11-GA;class dedal.impl.CompClassImpl "org.thymeleaf.spring4.SpringTemplateEngine";null;null
broadleaf-4.0.10-GA;broadleaf-4.0.11-GA;class dedal.impl.CompClassImpl "org.thymeleaf.spring4.messageresolver.SpringMessageResolver";null;null
broadleaf-4.0.10-GA;broadleaf-4.0.11-GA;class dedal.impl.CompClassImpl "org.springframework.orm.jpa.LocalContainerEntityManagerFactoryBean";null;null
broadleaf-4.0.10-GA;broadleaf-4.0.11-GA;class dedal.impl.CompClassImpl "org.springframework.orm.jpa.JpaTransactionManager";null;null
broadleaf-4.0.10-GA;broadleaf-4.0.11-GA;class dedal.impl.CompClassImpl "org.springframework.web.multipart.commons.CommonsMultipartResolver";null;null
broadleaf-4.0.10-GA;broadleaf-4.0.11-GA;class dedal.impl.CompClassImpl "org.springframework.jmx.export.annotation.AnnotationJmxAttributeSource";null;null
broadleaf-4.0.10-GA;broadleaf-4.0.11-GA;class dedal.impl.CompClassImpl "org.springframework.jmx.export.MBeanExporter";null;null
broadleaf-4.0.10-GA;broadleaf-4.0.11-GA;class dedal.impl.CompClassImpl "org.broadleafcommerce.common.jmx.MetadataMBeanInfoAssembler";null;null
broadleaf-4.0.10-GA;broadleaf-4.0.11-GA;class dedal.impl.CompClassImpl "org.hibernate.jmx.StatisticsService";null;null
broadleaf-4.0.10-GA;broadleaf-4.0.11-GA;class dedal.impl.CompClassImpl "org.springframework.jndi.JndiObjectFactoryBean";null;null
broadleaf-4.0.10-GA;broadleaf-4.0.11-GA;class dedal.impl.CompClassImpl "org.broadleafcommerce.common.jmx.MetadataNamingStrategy";null;null
broadleaf-4.0.10-GA;broadleaf-4.0.11-GA;class dedal.impl.CompClassImpl "org.broadleafcommerce.common.currency.domain.BroadleafCurrencyImpl";null;false
broadleaf-4.0.10-GA;broadleaf-4.0.11-GA;class dedal.impl.CompClassImpl "org.broadleafcommerce.core.web.processor.HeadProcessor";null;null
broadleaf-4.0.10-GA;broadleaf-4.0.11-GA;class dedal.impl.CompClassImpl "org.broadleafcommerce.core.web.processor.PriceTextDisplayProcessor";null;null
broadleaf-4.0.10-GA;broadleaf-4.0.11-GA;class dedal.impl.CompClassImpl "org.broadleafcommerce.core.web.resolver.DatabaseTemplateResolver";null;null
broadleaf-4.0.10-GA;broadleaf-4.0.11-GA;class dedal.impl.CompClassImpl "nz.net.ultraq.thymeleaf.LayoutDialect";null;null
broadleaf-4.0.10-GA;broadleaf-4.0.11-GA;class dedal.impl.CompClassImpl "org.broadleafcommerce.core.web.cache.BLCICacheManager";null;null
broadleaf-4.0.10-GA;broadleaf-4.0.11-GA;class dedal.impl.CompInstanceImpl "blWebTemplateEngine";null;null
broadleaf-4.0.10-GA;broadleaf-4.0.11-GA;class dedal.impl.CompClassImpl "org.apache.commons.dbcp.BasicDataSource";null;null
broadleaf-4.0.10-GA;broadleaf-4.0.11-GA;class dedal.impl.CompClassImpl "org.springframework.scheduling.quartz.MethodInvokingJobDetailFactoryBean";null;null
broadleaf-4.0.10-GA;broadleaf-4.0.11-GA;class dedal.impl.CompClassImpl "org.springframework.scheduling.quartz.SimpleTriggerFactoryBean";null;null
broadleaf-4.0.10-GA;broadleaf-4.0.11-GA;class dedal.impl.CompClassImpl "org.broadleafcommerce.common.event.BroadleafApplicationEventMulticaster";null;null
broadleaf-4.0.10-GA;broadleaf-4.0.11-GA;class dedal.impl.CompClassImpl "org.springframework.ui.velocity.VelocityEngineFactoryBean";null;null
broadleaf-4.0.10-GA;broadleaf-4.0.11-GA;class dedal.impl.CompClassImpl "org.thymeleaf.spring4.dialect.SpringStandardDialect";null;null
broadleaf-4.0.10-GA;broadleaf-4.0.11-GA;class dedal.impl.CompClassImpl "org.broadleafcommerce.common.web.expression.BroadleafVariableExpressionEvaluator";null;null
broadleaf-4.0.10-GA;broadleaf-4.0.11-GA;class dedal.impl.CompClassImpl "org.broadleafcommerce.common.web.dialect.BLCDialect";null;null
broadleaf-4.0.10-GA;broadleaf-4.0.11-GA;class dedal.impl.CompClassImpl "org.springframework.orm.jpa.vendor.HibernateJpaVendorAdapter";null;null
broadleaf-4.0.10-GA;broadleaf-4.0.11-GA;class dedal.impl.CompClassImpl "org.broadleafcommerce.common.util.dao.EJB3ConfigurationDaoImpl";null;null
broadleaf-4.0.10-GA;broadleaf-4.0.11-GA;class dedal.impl.CompClassImpl "org.broadleafcommerce.common.extensibility.cache.ehcache.MergeEhCacheManagerFactoryBean";null;null
broadleaf-4.0.10-GA;broadleaf-4.0.11-GA;class dedal.impl.CompClassImpl "org.broadleafcommerce.common.extensibility.jpa.MergePersistenceUnitManager";null;null
broadleaf-4.0.10-GA;broadleaf-4.0.11-GA;class dedal.impl.CompClassImpl "org.broadleafcommerce.common.event.BroadleafApplicationEventMulticaster";null;null
broadleaf-4.0.10-GA;broadleaf-4.0.11-GA;class dedal.impl.ConfigurationImpl Configuration;null;false
broadleaf-4.0.10-GA;broadleaf-4.0.11-GA;class dedal.impl.AssemblyImpl Assembly;null;true
